file,year,county,url
GIS,9999,,ftp://sdrftp03.dor.state.fl.us/Map Data/00 Mapping Data Information/AerialPhotographyContract.pdf
GIS,9999,,ftp://sdrftp03.dor.state.fl.us/Map Data/00 Mapping Data Information/AerialPhotographygrids.zip
GIS,9999,,ftp://sdrftp03.dor.state.fl.us/Map Data/00 Mapping Data Information/MapGuidelines.pdf
GIS,9999,,ftp://sdrftp03.dor.state.fl.us/Map Data/00 Mapping Data Information/Metadatafiles.zip
GIS,2011,Alachua,ftp://sdrftp03.dor.state.fl.us/Map Data/00_2011/11 Alachua.zip
GIS,2011,Baker,ftp://sdrftp03.dor.state.fl.us/Map Data/00_2011/12 Baker.zip
GIS,2011,Bay,ftp://sdrftp03.dor.state.fl.us/Map Data/00_2011/13 Bay.zip
GIS,2011,Bradford,ftp://sdrftp03.dor.state.fl.us/Map Data/00_2011/14 Bradford.zip
GIS,2011,Brevard,ftp://sdrftp03.dor.state.fl.us/Map Data/00_2011/15 Brevard.zip
GIS,2011,Broward,ftp://sdrftp03.dor.state.fl.us/Map Data/00_2011/16 Broward.zip
GIS,2011,Calhoun,ftp://sdrftp03.dor.state.fl.us/Map Data/00_2011/17 Calhoun.zip
GIS,2011,Charlotte,ftp://sdrftp03.dor.state.fl.us/Map Data/00_2011/18 Charlotte.zip
GIS,2011,Citrus,ftp://sdrftp03.dor.state.fl.us/Map Data/00_2011/19 Citrus.zip
GIS,2011,Clay,ftp://sdrftp03.dor.state.fl.us/Map Data/00_2011/20 Clay.zip
GIS,2011,Collier,ftp://sdrftp03.dor.state.fl.us/Map Data/00_2011/21 Collier.zip
GIS,2011,Columbia,ftp://sdrftp03.dor.state.fl.us/Map Data/00_2011/22 Columbia.zip
GIS,2011,Miami-Dade,ftp://sdrftp03.dor.state.fl.us/Map Data/00_2011/23 Dade.zip
GIS,2011,Desoto,ftp://sdrftp03.dor.state.fl.us/Map Data/00_2011/24 Desoto.zip
GIS,2011,Dixie,ftp://sdrftp03.dor.state.fl.us/Map Data/00_2011/25 Dixie.zip
GIS,2011,Duval,ftp://sdrftp03.dor.state.fl.us/Map Data/00_2011/26 Duval.zip
GIS,2011,Escambia,ftp://sdrftp03.dor.state.fl.us/Map Data/00_2011/27 Escambia.zip
GIS,2011,Flagler,ftp://sdrftp03.dor.state.fl.us/Map Data/00_2011/28 Flagler.zip
GIS,2011,Franklin,ftp://sdrftp03.dor.state.fl.us/Map Data/00_2011/29 Franklin.zip
GIS,2011,Gadsden,ftp://sdrftp03.dor.state.fl.us/Map Data/00_2011/30 Gadsden.zip
GIS,2011,Gilchrist,ftp://sdrftp03.dor.state.fl.us/Map Data/00_2011/31 Gilchrist.zip
GIS,2011,Glades,ftp://sdrftp03.dor.state.fl.us/Map Data/00_2011/32 Glades.zip
GIS,2011,Gulf,ftp://sdrftp03.dor.state.fl.us/Map Data/00_2011/33 Gulf.zip
GIS,2011,Hamilton,ftp://sdrftp03.dor.state.fl.us/Map Data/00_2011/34 Hamilton.zip
GIS,2011,Hardee,ftp://sdrftp03.dor.state.fl.us/Map Data/00_2011/35 Hardee.zip
GIS,2011,Hendry,ftp://sdrftp03.dor.state.fl.us/Map Data/00_2011/36 Hendry.zip
GIS,2011,Hernando,ftp://sdrftp03.dor.state.fl.us/Map Data/00_2011/37 Hernando.zip
GIS,2011,Highlands,ftp://sdrftp03.dor.state.fl.us/Map Data/00_2011/38 Highlands.zip
GIS,2011,Hillsborough,ftp://sdrftp03.dor.state.fl.us/Map Data/00_2011/39 Hillsborough.zip
GIS,2011,Holmes,ftp://sdrftp03.dor.state.fl.us/Map Data/00_2011/40 Holmes.zip
GIS,2011,Indian River,ftp://sdrftp03.dor.state.fl.us/Map Data/00_2011/41 Indian River.zip
GIS,2011,Jackson,ftp://sdrftp03.dor.state.fl.us/Map Data/00_2011/42 Jackson.zip
GIS,2011,Jefferson,ftp://sdrftp03.dor.state.fl.us/Map Data/00_2011/43 Jefferson.zip
GIS,2011,Lafayette,ftp://sdrftp03.dor.state.fl.us/Map Data/00_2011/44 Lafayette.zip
GIS,2011,Lake,ftp://sdrftp03.dor.state.fl.us/Map Data/00_2011/45 Lake.zip
GIS,2011,Lee,ftp://sdrftp03.dor.state.fl.us/Map Data/00_2011/46 Lee.zip
GIS,2011,Leon,ftp://sdrftp03.dor.state.fl.us/Map Data/00_2011/47 Leon.zip
GIS,2011,Levy,ftp://sdrftp03.dor.state.fl.us/Map Data/00_2011/48 Levy.zip
GIS,2011,Liberty,ftp://sdrftp03.dor.state.fl.us/Map Data/00_2011/49 Liberty.zip
GIS,2011,Madison,ftp://sdrftp03.dor.state.fl.us/Map Data/00_2011/50 Madison.zip
GIS,2011,Manatee,ftp://sdrftp03.dor.state.fl.us/Map Data/00_2011/51 Manatee.zip
GIS,2011,Marion,ftp://sdrftp03.dor.state.fl.us/Map Data/00_2011/52 Marion.zip
GIS,2011,Martin,ftp://sdrftp03.dor.state.fl.us/Map Data/00_2011/53 Martin.zip
GIS,2011,Monroe,ftp://sdrftp03.dor.state.fl.us/Map Data/00_2011/54 Monroe.zip
GIS,2011,Nassau,ftp://sdrftp03.dor.state.fl.us/Map Data/00_2011/55 Nassau.zip
GIS,2011,Okaloosa,ftp://sdrftp03.dor.state.fl.us/Map Data/00_2011/56 Okaloosa.zip
GIS,2011,Okeechobee,ftp://sdrftp03.dor.state.fl.us/Map Data/00_2011/57 Okeechobee.zip
GIS,2011,Orange,ftp://sdrftp03.dor.state.fl.us/Map Data/00_2011/58 Orange.zip
GIS,2011,Osceola,ftp://sdrftp03.dor.state.fl.us/Map Data/00_2011/59 Osceola.zip
GIS,2011,Palm Beach,ftp://sdrftp03.dor.state.fl.us/Map Data/00_2011/60 Palm Beach.zip
GIS,2011,Pasco,ftp://sdrftp03.dor.state.fl.us/Map Data/00_2011/61 Pasco.zip
GIS,2011,Pinellas,ftp://sdrftp03.dor.state.fl.us/Map Data/00_2011/62 Pinellas.zip
GIS,2011,Polk,ftp://sdrftp03.dor.state.fl.us/Map Data/00_2011/63 Polk.zip
GIS,2011,Putnam,ftp://sdrftp03.dor.state.fl.us/Map Data/00_2011/64 Putnam.zip
GIS,2011,St. Johns,ftp://sdrftp03.dor.state.fl.us/Map Data/00_2011/65 St Johns.zip
GIS,2011,St. Lucie,ftp://sdrftp03.dor.state.fl.us/Map Data/00_2011/66 St Lucie.zip
GIS,2011,Santa Rosa,ftp://sdrftp03.dor.state.fl.us/Map Data/00_2011/67 Santa Rosa.zip
GIS,2011,Sarasota,ftp://sdrftp03.dor.state.fl.us/Map Data/00_2011/68 Sarasota.zip
GIS,2011,Seminole,ftp://sdrftp03.dor.state.fl.us/Map Data/00_2011/69 Seminole.zip
GIS,2011,Sumter,ftp://sdrftp03.dor.state.fl.us/Map Data/00_2011/70 Sumter.zip
GIS,2011,Suwannee,ftp://sdrftp03.dor.state.fl.us/Map Data/00_2011/71 Suwannee.zip
GIS,2011,Taylor,ftp://sdrftp03.dor.state.fl.us/Map Data/00_2011/72 Taylor.zip
GIS,2011,Union,ftp://sdrftp03.dor.state.fl.us/Map Data/00_2011/73 Union.zip
GIS,2011,Volusia,ftp://sdrftp03.dor.state.fl.us/Map Data/00_2011/74 Volusia.zip
GIS,2011,Wakulla,ftp://sdrftp03.dor.state.fl.us/Map Data/00_2011/75 Wakulla.zip
GIS,2011,Walton,ftp://sdrftp03.dor.state.fl.us/Map Data/00_2011/76 Walton.zip
GIS,2011,Washington,ftp://sdrftp03.dor.state.fl.us/Map Data/00_2011/77 Washington.zip
GIS,2012,Alachua,ftp://sdrftp03.dor.state.fl.us/Map Data/00_2012/11 Alachua.zip
GIS,2012,Baker,ftp://sdrftp03.dor.state.fl.us/Map Data/00_2012/12 Baker.zip
GIS,2012,Bay,ftp://sdrftp03.dor.state.fl.us/Map Data/00_2012/13 Bay.zip
GIS,2012,Bradford,ftp://sdrftp03.dor.state.fl.us/Map Data/00_2012/14 Bradford.zip
GIS,2012,Brevard,ftp://sdrftp03.dor.state.fl.us/Map Data/00_2012/15 Brevard.zip
GIS,2012,Broward,ftp://sdrftp03.dor.state.fl.us/Map Data/00_2012/16 Broward.zip
GIS,2012,Calhoun,ftp://sdrftp03.dor.state.fl.us/Map Data/00_2012/17 Calhoun.zip
GIS,2012,Charlotte,ftp://sdrftp03.dor.state.fl.us/Map Data/00_2012/18 Charlotte.zip
GIS,2012,Citrus,ftp://sdrftp03.dor.state.fl.us/Map Data/00_2012/19 Citrus.zip
GIS,2012,Clay,ftp://sdrftp03.dor.state.fl.us/Map Data/00_2012/20 Clay.zip
GIS,2012,Collier,ftp://sdrftp03.dor.state.fl.us/Map Data/00_2012/21 Collier.zip
GIS,2012,Columbia,ftp://sdrftp03.dor.state.fl.us/Map Data/00_2012/22 Columbia.zip
GIS,2012,Miami-Dade,ftp://sdrftp03.dor.state.fl.us/Map Data/00_2012/23 Dade.zip
GIS,2012,Desoto,ftp://sdrftp03.dor.state.fl.us/Map Data/00_2012/24 Desoto.zip
GIS,2012,Dixie,ftp://sdrftp03.dor.state.fl.us/Map Data/00_2012/25 Dixie.zip
GIS,2012,Duval,ftp://sdrftp03.dor.state.fl.us/Map Data/00_2012/26 Duval.zip
GIS,2012,Escambia,ftp://sdrftp03.dor.state.fl.us/Map Data/00_2012/27 Escambia.zip
GIS,2012,Flagler,ftp://sdrftp03.dor.state.fl.us/Map Data/00_2012/28 Flagler.zip
GIS,2012,Franklin,ftp://sdrftp03.dor.state.fl.us/Map Data/00_2012/29 Franklin.zip
GIS,2012,Gadsden,ftp://sdrftp03.dor.state.fl.us/Map Data/00_2012/30 Gadsden.zip
GIS,2012,Gilchrist,ftp://sdrftp03.dor.state.fl.us/Map Data/00_2012/31 Gilchrist.zip
GIS,2012,Glades,ftp://sdrftp03.dor.state.fl.us/Map Data/00_2012/32 Glades.zip
GIS,2012,Gulf,ftp://sdrftp03.dor.state.fl.us/Map Data/00_2012/33 Gulf.zip
GIS,2012,Hamilton,ftp://sdrftp03.dor.state.fl.us/Map Data/00_2012/34 Hamilton.zip
GIS,2012,Hardee,ftp://sdrftp03.dor.state.fl.us/Map Data/00_2012/35 Hardee.zip
GIS,2012,Hendry,ftp://sdrftp03.dor.state.fl.us/Map Data/00_2012/36 Hendry.zip
GIS,2012,Hernando,ftp://sdrftp03.dor.state.fl.us/Map Data/00_2012/37 Hernando.zip
GIS,2012,Highlands,ftp://sdrftp03.dor.state.fl.us/Map Data/00_2012/38 Highlands.zip
GIS,2012,Hillsborough,ftp://sdrftp03.dor.state.fl.us/Map Data/00_2012/39 Hillsborough.zip
GIS,2012,Holmes,ftp://sdrftp03.dor.state.fl.us/Map Data/00_2012/40 Holmes.zip
GIS,2012,Indian River,ftp://sdrftp03.dor.state.fl.us/Map Data/00_2012/41 Indian River.zip
GIS,2012,Jackson,ftp://sdrftp03.dor.state.fl.us/Map Data/00_2012/42 Jackson.zip
GIS,2012,Jefferson,ftp://sdrftp03.dor.state.fl.us/Map Data/00_2012/43 Jefferson.zip
GIS,2012,Lafayette,ftp://sdrftp03.dor.state.fl.us/Map Data/00_2012/44 Lafayette.zip
GIS,2012,Lake,ftp://sdrftp03.dor.state.fl.us/Map Data/00_2012/45 Lake.zip
GIS,2012,Lee,ftp://sdrftp03.dor.state.fl.us/Map Data/00_2012/46 Lee.zip
GIS,2012,Leon,ftp://sdrftp03.dor.state.fl.us/Map Data/00_2012/47 Leon.zip
GIS,2012,Levy,ftp://sdrftp03.dor.state.fl.us/Map Data/00_2012/48 Levy.zip
GIS,2012,Liberty,ftp://sdrftp03.dor.state.fl.us/Map Data/00_2012/49 Liberty.zip
GIS,2012,Madison,ftp://sdrftp03.dor.state.fl.us/Map Data/00_2012/50 Madison.zip
GIS,2012,Manatee,ftp://sdrftp03.dor.state.fl.us/Map Data/00_2012/51 Manatee.zip
GIS,2012,Marion,ftp://sdrftp03.dor.state.fl.us/Map Data/00_2012/52 Marion.zip
GIS,2012,Martin,ftp://sdrftp03.dor.state.fl.us/Map Data/00_2012/53 Martin.zip
GIS,2012,Monroe,ftp://sdrftp03.dor.state.fl.us/Map Data/00_2012/54 Monroe.zip
GIS,2012,Nassau,ftp://sdrftp03.dor.state.fl.us/Map Data/00_2012/55 Nassau.zip
GIS,2012,Okaloosa,ftp://sdrftp03.dor.state.fl.us/Map Data/00_2012/56 Okaloosa.zip
GIS,2012,Okeechobee,ftp://sdrftp03.dor.state.fl.us/Map Data/00_2012/57 Okeechobee.zip
GIS,2012,Orange,ftp://sdrftp03.dor.state.fl.us/Map Data/00_2012/58 Orange.zip
GIS,2012,Osceola,ftp://sdrftp03.dor.state.fl.us/Map Data/00_2012/59 Osceola.zip
GIS,2012,Palm Beach,ftp://sdrftp03.dor.state.fl.us/Map Data/00_2012/60 Palm Beach.zip
GIS,2012,Pasco,ftp://sdrftp03.dor.state.fl.us/Map Data/00_2012/61 Pasco.zip
GIS,2012,Pinellas,ftp://sdrftp03.dor.state.fl.us/Map Data/00_2012/62 Pinellas.zip
GIS,2012,Polk,ftp://sdrftp03.dor.state.fl.us/Map Data/00_2012/63 Polk.zip
GIS,2012,Putnam,ftp://sdrftp03.dor.state.fl.us/Map Data/00_2012/64 Putnam.zip
GIS,2012,St. Johns,ftp://sdrftp03.dor.state.fl.us/Map Data/00_2012/65 St Johns.zip
GIS,2012,St. Lucie,ftp://sdrftp03.dor.state.fl.us/Map Data/00_2012/66 St Lucie.zip
GIS,2012,Santa Rosa,ftp://sdrftp03.dor.state.fl.us/Map Data/00_2012/67 Santa Rosa.zip
GIS,2012,Sarasota,ftp://sdrftp03.dor.state.fl.us/Map Data/00_2012/68 Sarasota.zip
GIS,2012,Seminole,ftp://sdrftp03.dor.state.fl.us/Map Data/00_2012/69 Seminole.zip
GIS,2012,Sumter,ftp://sdrftp03.dor.state.fl.us/Map Data/00_2012/70 Sumter.zip
GIS,2012,Suwannee,ftp://sdrftp03.dor.state.fl.us/Map Data/00_2012/71 Suwannee.zip
GIS,2012,Taylor,ftp://sdrftp03.dor.state.fl.us/Map Data/00_2012/72 Taylor.zip
GIS,2012,Union,ftp://sdrftp03.dor.state.fl.us/Map Data/00_2012/73 Union.zip
GIS,2012,Volusia,ftp://sdrftp03.dor.state.fl.us/Map Data/00_2012/74 Volusia.zip
GIS,2012,Wakulla,ftp://sdrftp03.dor.state.fl.us/Map Data/00_2012/75 Wakulla.zip
GIS,2012,Walton,ftp://sdrftp03.dor.state.fl.us/Map Data/00_2012/76 Walton.zip
GIS,2012,Washington,ftp://sdrftp03.dor.state.fl.us/Map Data/00_2012/77 Washington.zip
GIS,2013,Alachua,ftp://sdrftp03.dor.state.fl.us/Map Data/00_2013/11 Alachua.zip
GIS,2013,Baker,ftp://sdrftp03.dor.state.fl.us/Map Data/00_2013/12 Baker.zip
GIS,2013,Bay,ftp://sdrftp03.dor.state.fl.us/Map Data/00_2013/13 Bay.zip
GIS,2013,Bradford,ftp://sdrftp03.dor.state.fl.us/Map Data/00_2013/14 Bradford.zip
GIS,2013,Brevard,ftp://sdrftp03.dor.state.fl.us/Map Data/00_2013/15 Brevard.zip
GIS,2013,Broward,ftp://sdrftp03.dor.state.fl.us/Map Data/00_2013/16 Broward.zip
GIS,2013,Calhoun,ftp://sdrftp03.dor.state.fl.us/Map Data/00_2013/17 Calhoun.zip
GIS,2013,Charlotte,ftp://sdrftp03.dor.state.fl.us/Map Data/00_2013/18 Charlotte.zip
GIS,2013,Citrus,ftp://sdrftp03.dor.state.fl.us/Map Data/00_2013/19 Citrus.zip
GIS,2013,Clay,ftp://sdrftp03.dor.state.fl.us/Map Data/00_2013/20 Clay.zip
GIS,2013,Collier,ftp://sdrftp03.dor.state.fl.us/Map Data/00_2013/21 Collier.zip
GIS,2013,Columbia,ftp://sdrftp03.dor.state.fl.us/Map Data/00_2013/22 Columbia.zip
GIS,2013,Miami-Dade,ftp://sdrftp03.dor.state.fl.us/Map Data/00_2013/23 Dade.zip
GIS,2013,Desoto,ftp://sdrftp03.dor.state.fl.us/Map Data/00_2013/24 Desoto.zip
GIS,2013,Dixie,ftp://sdrftp03.dor.state.fl.us/Map Data/00_2013/25 Dixie.zip
GIS,2013,Duval,ftp://sdrftp03.dor.state.fl.us/Map Data/00_2013/26 Duval.zip
GIS,2013,Escambia,ftp://sdrftp03.dor.state.fl.us/Map Data/00_2013/27 Escambia.zip
GIS,2013,Flagler,ftp://sdrftp03.dor.state.fl.us/Map Data/00_2013/28 Flagler.zip
GIS,2013,Franklin,ftp://sdrftp03.dor.state.fl.us/Map Data/00_2013/29 Franklin.zip
GIS,2013,Gadsden,ftp://sdrftp03.dor.state.fl.us/Map Data/00_2013/30 Gadsden.zip
GIS,2013,Gilchrist,ftp://sdrftp03.dor.state.fl.us/Map Data/00_2013/31 Gilchrist.zip
GIS,2013,Glades,ftp://sdrftp03.dor.state.fl.us/Map Data/00_2013/32 Glades.zip
GIS,2013,Gulf,ftp://sdrftp03.dor.state.fl.us/Map Data/00_2013/33 Gulf.zip
GIS,2013,Hamilton,ftp://sdrftp03.dor.state.fl.us/Map Data/00_2013/34 Hamilton.zip
GIS,2013,Hardee,ftp://sdrftp03.dor.state.fl.us/Map Data/00_2013/35 Hardee.zip
GIS,2013,Hendry,ftp://sdrftp03.dor.state.fl.us/Map Data/00_2013/36 Hendry.zip
GIS,2013,Hernando,ftp://sdrftp03.dor.state.fl.us/Map Data/00_2013/37 Hernando.zip
GIS,2013,Highlands,ftp://sdrftp03.dor.state.fl.us/Map Data/00_2013/38 Highlands.zip
GIS,2013,Hillsborough,ftp://sdrftp03.dor.state.fl.us/Map Data/00_2013/39 Hillsborough.zip
GIS,2013,Holmes,ftp://sdrftp03.dor.state.fl.us/Map Data/00_2013/40 Holmes.zip
GIS,2013,Indian River,ftp://sdrftp03.dor.state.fl.us/Map Data/00_2013/41 Indian River.zip
GIS,2013,Jackson,ftp://sdrftp03.dor.state.fl.us/Map Data/00_2013/42 Jackson.zip
GIS,2013,Jefferson,ftp://sdrftp03.dor.state.fl.us/Map Data/00_2013/43 Jefferson.zip
GIS,2013,Lafayette,ftp://sdrftp03.dor.state.fl.us/Map Data/00_2013/44 Lafayette.zip
GIS,2013,Lake,ftp://sdrftp03.dor.state.fl.us/Map Data/00_2013/45 Lake.zip
GIS,2013,Lee,ftp://sdrftp03.dor.state.fl.us/Map Data/00_2013/46 Lee.zip
GIS,2013,Leon,ftp://sdrftp03.dor.state.fl.us/Map Data/00_2013/47 Leon.zip
GIS,2013,Levy,ftp://sdrftp03.dor.state.fl.us/Map Data/00_2013/48 Levy.zip
GIS,2013,Liberty,ftp://sdrftp03.dor.state.fl.us/Map Data/00_2013/49 Liberty.zip
GIS,2013,Madison,ftp://sdrftp03.dor.state.fl.us/Map Data/00_2013/50 Madison.zip
GIS,2013,Manatee,ftp://sdrftp03.dor.state.fl.us/Map Data/00_2013/51 Manatee.zip
GIS,2013,Marion,ftp://sdrftp03.dor.state.fl.us/Map Data/00_2013/52 Marion.zip
GIS,2013,Martin,ftp://sdrftp03.dor.state.fl.us/Map Data/00_2013/53 Martin.zip
GIS,2013,Monroe,ftp://sdrftp03.dor.state.fl.us/Map Data/00_2013/54 Monroe.zip
GIS,2013,Nassau,ftp://sdrftp03.dor.state.fl.us/Map Data/00_2013/55 Nassau.zip
GIS,2013,Okaloosa,ftp://sdrftp03.dor.state.fl.us/Map Data/00_2013/56 Okaloosa.zip
GIS,2013,Okeechobee,ftp://sdrftp03.dor.state.fl.us/Map Data/00_2013/57 Okeechobee.zip
GIS,2013,Orange,ftp://sdrftp03.dor.state.fl.us/Map Data/00_2013/58 Orange.zip
GIS,2013,Osceola,ftp://sdrftp03.dor.state.fl.us/Map Data/00_2013/59 Osceola.zip
GIS,2013,Palm Beach,ftp://sdrftp03.dor.state.fl.us/Map Data/00_2013/60 Palm Beach.zip
GIS,2013,Pasco,ftp://sdrftp03.dor.state.fl.us/Map Data/00_2013/61 Pasco.zip
GIS,2013,Pinellas,ftp://sdrftp03.dor.state.fl.us/Map Data/00_2013/62 Pinellas.zip
GIS,2013,Polk,ftp://sdrftp03.dor.state.fl.us/Map Data/00_2013/63 Polk.zip
GIS,2013,Putnam,ftp://sdrftp03.dor.state.fl.us/Map Data/00_2013/64 Putnam.zip
GIS,2013,St. Johns,ftp://sdrftp03.dor.state.fl.us/Map Data/00_2013/65 St Johns.zip
GIS,2013,St. Lucie,ftp://sdrftp03.dor.state.fl.us/Map Data/00_2013/66 St Lucie.zip
GIS,2013,Santa Rosa,ftp://sdrftp03.dor.state.fl.us/Map Data/00_2013/67 Santa Rosa.zip
GIS,2013,Sarasota,ftp://sdrftp03.dor.state.fl.us/Map Data/00_2013/68 Sarasota.zip
GIS,2013,Seminole,ftp://sdrftp03.dor.state.fl.us/Map Data/00_2013/69 Seminole.zip
GIS,2013,Sumter,ftp://sdrftp03.dor.state.fl.us/Map Data/00_2013/70 Sumter.zip
GIS,2013,Suwannee,ftp://sdrftp03.dor.state.fl.us/Map Data/00_2013/71 Suwannee.zip
GIS,2013,Taylor,ftp://sdrftp03.dor.state.fl.us/Map Data/00_2013/72 Taylor.zip
GIS,2013,Union,ftp://sdrftp03.dor.state.fl.us/Map Data/00_2013/73 Union.zip
GIS,2013,Volusia,ftp://sdrftp03.dor.state.fl.us/Map Data/00_2013/74 Volusia.zip
GIS,2013,Wakulla,ftp://sdrftp03.dor.state.fl.us/Map Data/00_2013/75 Wakulla.zip
GIS,2013,Walton,ftp://sdrftp03.dor.state.fl.us/Map Data/00_2013/76 Walton.zip
GIS,2013,Washington,ftp://sdrftp03.dor.state.fl.us/Map Data/00_2013/77 Washington.zip
GIS,2014,Alachua,ftp://sdrftp03.dor.state.fl.us/Map Data/00_2014/alachua/Alachua_pin.zip
GIS,2014,Baker,ftp://sdrftp03.dor.state.fl.us/Map Data/00_2014/baker/Baker_pin.zip
GIS,2014,Bay,ftp://sdrftp03.dor.state.fl.us/Map Data/00_2014/bay/Bay_pin.zip
GIS,2014,Bradford,ftp://sdrftp03.dor.state.fl.us/Map Data/00_2014/bradford/Bradford_pin.zip
GIS,2014,Brevard,ftp://sdrftp03.dor.state.fl.us/Map Data/00_2014/brevard/Brevard_pin.zip
GIS,2014,Broward,ftp://sdrftp03.dor.state.fl.us/Map Data/00_2014/broward/Broward_pin.zip
GIS,2014,Calhoun,ftp://sdrftp03.dor.state.fl.us/Map Data/00_2014/calhoun/Calhoun_pin.zip
GIS,2014,Charlotte,ftp://sdrftp03.dor.state.fl.us/Map Data/00_2014/charlotte/Charlotte_pin.zip
GIS,2014,Citrus,ftp://sdrftp03.dor.state.fl.us/Map Data/00_2014/citrus/Citrus_pin.zip
GIS,2014,Clay,ftp://sdrftp03.dor.state.fl.us/Map Data/00_2014/clay/Clay_pin.zip
GIS,2014,Collier,ftp://sdrftp03.dor.state.fl.us/Map Data/00_2014/collier/Collier_pin.zip
GIS,2014,Columbia,ftp://sdrftp03.dor.state.fl.us/Map Data/00_2014/columbia/Columbia_pin.zip
GIS,2014,Miami-Dade,ftp://sdrftp03.dor.state.fl.us/Map Data/00_2014/dade/Dade_pin.zip
GIS,2014,Desoto,ftp://sdrftp03.dor.state.fl.us/Map Data/00_2014/desoto/Desoto_pin.zip
GIS,2014,Dixie,ftp://sdrftp03.dor.state.fl.us/Map Data/00_2014/dixie/Dixie_pin.zip
GIS,2014,Duval,ftp://sdrftp03.dor.state.fl.us/Map Data/00_2014/duval/Duval_pin.zip
GIS,2014,Escambia,ftp://sdrftp03.dor.state.fl.us/Map Data/00_2014/escambia/Escambia_pin.zip
GIS,2014,Flagler,ftp://sdrftp03.dor.state.fl.us/Map Data/00_2014/flagler/Flagler_pin.zip
GIS,2014,Franklin,ftp://sdrftp03.dor.state.fl.us/Map Data/00_2014/franklin/Franklin_pin.zip
GIS,2014,Gadsden,ftp://sdrftp03.dor.state.fl.us/Map Data/00_2014/gadsden/Gadsden_pin.zip
GIS,2014,Gilchrist,ftp://sdrftp03.dor.state.fl.us/Map Data/00_2014/gilchrist/Gilchrist_pin.zip
GIS,2014,Glades,ftp://sdrftp03.dor.state.fl.us/Map Data/00_2014/glades/Glades_pin.zip
GIS,2014,Gulf,ftp://sdrftp03.dor.state.fl.us/Map Data/00_2014/gulf/Gulf_pin.zip
GIS,2014,Hamilton,ftp://sdrftp03.dor.state.fl.us/Map Data/00_2014/hamilton/Hamilton_pin.zip
GIS,2014,Hardee,ftp://sdrftp03.dor.state.fl.us/Map Data/00_2014/hardee/Hardee_pin.zip
GIS,2014,Hendry,ftp://sdrftp03.dor.state.fl.us/Map Data/00_2014/hendry/Hendry_pin.zip
GIS,2014,Hernando,ftp://sdrftp03.dor.state.fl.us/Map Data/00_2014/hernando/Hernando_pin.zip
GIS,2014,Highlands,ftp://sdrftp03.dor.state.fl.us/Map Data/00_2014/highlands/Highlands_pin.zip
GIS,2014,Hillsborough,ftp://sdrftp03.dor.state.fl.us/Map Data/00_2014/hillsborough/Hillsborough_pin.zip
GIS,2014,Holmes,ftp://sdrftp03.dor.state.fl.us/Map Data/00_2014/holmes/Holmes_pin.zip
GIS,2014,Indian River,ftp://sdrftp03.dor.state.fl.us/Map Data/00_2014/indian river/Indian_River_pin.zip
GIS,2014,Jackson,ftp://sdrftp03.dor.state.fl.us/Map Data/00_2014/jackson/Jackson_pin.zip
GIS,2014,Jefferson,ftp://sdrftp03.dor.state.fl.us/Map Data/00_2014/jefferson/Jefferson_pin.zip
GIS,2014,Lafayette,ftp://sdrftp03.dor.state.fl.us/Map Data/00_2014/lafayette/Lafayette_pin.zip
GIS,2014,Lake,ftp://sdrftp03.dor.state.fl.us/Map Data/00_2014/lake/Lake_pin.zip
GIS,2014,Lee,ftp://sdrftp03.dor.state.fl.us/Map Data/00_2014/lee/Lee_pin.zip
GIS,2014,Leon,ftp://sdrftp03.dor.state.fl.us/Map Data/00_2014/leon/Leon_pin.zip
GIS,2014,Levy,ftp://sdrftp03.dor.state.fl.us/Map Data/00_2014/levy/Levy_pin.zip
GIS,2014,Liberty,ftp://sdrftp03.dor.state.fl.us/Map Data/00_2014/liberty/Liberty_pin.zip
GIS,2014,Madison,ftp://sdrftp03.dor.state.fl.us/Map Data/00_2014/madison/Madison_pin.zip
GIS,2014,Manatee,ftp://sdrftp03.dor.state.fl.us/Map Data/00_2014/manatee/Manatee_pin.zip
GIS,2014,Marion,ftp://sdrftp03.dor.state.fl.us/Map Data/00_2014/marion/Marion_pin.zip
GIS,2014,Martin,ftp://sdrftp03.dor.state.fl.us/Map Data/00_2014/martin/Martin_pin.zip
GIS,2014,Monroe,ftp://sdrftp03.dor.state.fl.us/Map Data/00_2014/monroe/Monroe_pin.zip
GIS,2014,Nassau,ftp://sdrftp03.dor.state.fl.us/Map Data/00_2014/nassau/Nassau_pin.zip
GIS,2014,Okaloosa,ftp://sdrftp03.dor.state.fl.us/Map Data/00_2014/okaloosa/Okaloosa_pin.zip
GIS,2014,Okeechobee,ftp://sdrftp03.dor.state.fl.us/Map Data/00_2014/okeechobee/Okeechobee_pin.zip
GIS,2014,Orange,ftp://sdrftp03.dor.state.fl.us/Map Data/00_2014/orange/Orange_pin.zip
GIS,2014,Osceola,ftp://sdrftp03.dor.state.fl.us/Map Data/00_2014/osceola/Osceola_pin.zip
GIS,2014,Palm Beach,ftp://sdrftp03.dor.state.fl.us/Map Data/00_2014/palm beach/Palm_Beach_pin.zip
GIS,2014,Pasco,ftp://sdrftp03.dor.state.fl.us/Map Data/00_2014/pasco/Pasco_pin.zip
GIS,2014,Pinellas,ftp://sdrftp03.dor.state.fl.us/Map Data/00_2014/pinellas/Pinellas_pin.zip
GIS,2014,Polk,ftp://sdrftp03.dor.state.fl.us/Map Data/00_2014/polk/Polk_pin.zip
GIS,2014,Putnam,ftp://sdrftp03.dor.state.fl.us/Map Data/00_2014/putnam/Putnam_pin.zip
GIS,2014,Santa Rosa,ftp://sdrftp03.dor.state.fl.us/Map Data/00_2014/santa rosa/Santa_Rosa_pin.zip
GIS,2014,Sarasota,ftp://sdrftp03.dor.state.fl.us/Map Data/00_2014/sarasota/Sarasota_pin.zip
GIS,2014,Seminole,ftp://sdrftp03.dor.state.fl.us/Map Data/00_2014/seminole/Seminole_pin.zip
GIS,2014,St. Johns,ftp://sdrftp03.dor.state.fl.us/Map Data/00_2014/st. johns/St_Johns_pin.zip
GIS,2014,St. Lucie,ftp://sdrftp03.dor.state.fl.us/Map Data/00_2014/st. lucie/St_Lucie_pin.zip
GIS,2014,Sumter,ftp://sdrftp03.dor.state.fl.us/Map Data/00_2014/sumter/Sumter_pin.zip
GIS,2014,Suwannee,ftp://sdrftp03.dor.state.fl.us/Map Data/00_2014/suwannee/Suwannee_pin.zip
GIS,2014,Taylor,ftp://sdrftp03.dor.state.fl.us/Map Data/00_2014/taylor/Taylor_pin.zip
GIS,2014,Union,ftp://sdrftp03.dor.state.fl.us/Map Data/00_2014/union/Union_pin.zip
GIS,2014,Volusia,ftp://sdrftp03.dor.state.fl.us/Map Data/00_2014/volusia/Volusia_pin.zip
GIS,2014,Wakulla,ftp://sdrftp03.dor.state.fl.us/Map Data/00_2014/wakulla/Wakulla_pin.zip
GIS,2014,Walton,ftp://sdrftp03.dor.state.fl.us/Map Data/00_2014/walton/Walton_pin.zip
GIS,2014,Washington,ftp://sdrftp03.dor.state.fl.us/Map Data/00_2014/washington/Washington_pin.zip
GIS,2015,Alachua,ftp://sdrftp03.dor.state.fl.us/Map Data/00_2015/Alachua_pin.zip
GIS,2015,Baker,ftp://sdrftp03.dor.state.fl.us/Map Data/00_2015/Baker_pin.zip
GIS,2015,Bay,ftp://sdrftp03.dor.state.fl.us/Map Data/00_2015/Bay_pin.zip
GIS,2015,Bradford,ftp://sdrftp03.dor.state.fl.us/Map Data/00_2015/Bradford_pin.zip
GIS,2015,Brevard,ftp://sdrftp03.dor.state.fl.us/Map Data/00_2015/Brevard_pin.zip
GIS,2015,Broward,ftp://sdrftp03.dor.state.fl.us/Map Data/00_2015/Broward_pin.zip
GIS,2015,Calhoun,ftp://sdrftp03.dor.state.fl.us/Map Data/00_2015/Calhoun_pin.zip
GIS,2015,Charlotte,ftp://sdrftp03.dor.state.fl.us/Map Data/00_2015/Charlotte_pin.zip
GIS,2015,Citrus,ftp://sdrftp03.dor.state.fl.us/Map Data/00_2015/Citrus_pin.zip
GIS,2015,Clay,ftp://sdrftp03.dor.state.fl.us/Map Data/00_2015/Clay_pin.zip
GIS,2015,Collier,ftp://sdrftp03.dor.state.fl.us/Map Data/00_2015/Collier_pin.zip
GIS,2015,Columbia,ftp://sdrftp03.dor.state.fl.us/Map Data/00_2015/Columbia_pin.zip
GIS,2015,Miami-Dade,ftp://sdrftp03.dor.state.fl.us/Map Data/00_2015/dade_pin.zip
GIS,2015,Desoto,ftp://sdrftp03.dor.state.fl.us/Map Data/00_2015/Desoto_pin.zip
GIS,2015,Dixie,ftp://sdrftp03.dor.state.fl.us/Map Data/00_2015/Dixie_pin.zip
GIS,2015,Duval,ftp://sdrftp03.dor.state.fl.us/Map Data/00_2015/Duval_pin.zip
GIS,2015,Escambia,ftp://sdrftp03.dor.state.fl.us/Map Data/00_2015/Escambia_pin.zip
GIS,2015,Flagler,ftp://sdrftp03.dor.state.fl.us/Map Data/00_2015/Flagler_pin.zip
GIS,2015,Franklin,ftp://sdrftp03.dor.state.fl.us/Map Data/00_2015/Franklin_pin.zip
GIS,2015,Gadsden,ftp://sdrftp03.dor.state.fl.us/Map Data/00_2015/Gadsden_pin.zip
GIS,2015,Gilchrist,ftp://sdrftp03.dor.state.fl.us/Map Data/00_2015/Gilchrist_pin.zip
GIS,2015,Glades,ftp://sdrftp03.dor.state.fl.us/Map Data/00_2015/Glades_pin.zip
GIS,2015,Gulf,ftp://sdrftp03.dor.state.fl.us/Map Data/00_2015/Gulf_pin.zip
GIS,2015,Hamilton,ftp://sdrftp03.dor.state.fl.us/Map Data/00_2015/Hamilton_pin.zip
GIS,2015,Hardee,ftp://sdrftp03.dor.state.fl.us/Map Data/00_2015/Hardee_pin.zip
GIS,2015,Hendry,ftp://sdrftp03.dor.state.fl.us/Map Data/00_2015/Hendry_pin.zip
GIS,2015,Hernando,ftp://sdrftp03.dor.state.fl.us/Map Data/00_2015/Hernando_pin.zip
GIS,2015,Highlands,ftp://sdrftp03.dor.state.fl.us/Map Data/00_2015/Highlands_pin.zip
GIS,2015,Hillsborough,ftp://sdrftp03.dor.state.fl.us/Map Data/00_2015/Hillsborough_pin.zip
GIS,2015,Holmes,ftp://sdrftp03.dor.state.fl.us/Map Data/00_2015/Holmes_pin.zip
GIS,2015,Indian River,ftp://sdrftp03.dor.state.fl.us/Map Data/00_2015/Indian_River_pin.zip
GIS,2015,Jackson,ftp://sdrftp03.dor.state.fl.us/Map Data/00_2015/Jackson_pin.zip
GIS,2015,Jefferson,ftp://sdrftp03.dor.state.fl.us/Map Data/00_2015/Jefferson_pin.zip
GIS,2015,Lafayette,ftp://sdrftp03.dor.state.fl.us/Map Data/00_2015/Lafayette_pin.zip
GIS,2015,Lake,ftp://sdrftp03.dor.state.fl.us/Map Data/00_2015/Lake_pin.zip
GIS,2015,Lee,ftp://sdrftp03.dor.state.fl.us/Map Data/00_2015/Lee_pin.zip
GIS,2015,Leon,ftp://sdrftp03.dor.state.fl.us/Map Data/00_2015/Leon_pin.zip
GIS,2015,Levy,ftp://sdrftp03.dor.state.fl.us/Map Data/00_2015/Levy_pin.zip
GIS,2015,Liberty,ftp://sdrftp03.dor.state.fl.us/Map Data/00_2015/Liberty_pin.zip
GIS,2015,Madison,ftp://sdrftp03.dor.state.fl.us/Map Data/00_2015/Madison_pin.zip
GIS,2015,Manatee,ftp://sdrftp03.dor.state.fl.us/Map Data/00_2015/Manatee_pin.zip
GIS,2015,Marion,ftp://sdrftp03.dor.state.fl.us/Map Data/00_2015/Marion_pin.zip
GIS,2015,Martin,ftp://sdrftp03.dor.state.fl.us/Map Data/00_2015/Martin_pin.zip
GIS,2015,Monroe,ftp://sdrftp03.dor.state.fl.us/Map Data/00_2015/Monroe_pin.zip
GIS,2015,Nassau,ftp://sdrftp03.dor.state.fl.us/Map Data/00_2015/Nassau_pin.zip
GIS,2015,Okaloosa,ftp://sdrftp03.dor.state.fl.us/Map Data/00_2015/Okaloosa_pin.zip
GIS,2015,Okeechobee,ftp://sdrftp03.dor.state.fl.us/Map Data/00_2015/Okeechobee_pin.zip
GIS,2015,Orange,ftp://sdrftp03.dor.state.fl.us/Map Data/00_2015/Orange_pin.zip
GIS,2015,Osceola,ftp://sdrftp03.dor.state.fl.us/Map Data/00_2015/Osceola_pin.zip
GIS,2015,Palm Beach,ftp://sdrftp03.dor.state.fl.us/Map Data/00_2015/Palm_Beach_pin.zip
GIS,2015,Pasco,ftp://sdrftp03.dor.state.fl.us/Map Data/00_2015/Pasco_pin.zip
GIS,2015,Pinellas,ftp://sdrftp03.dor.state.fl.us/Map Data/00_2015/pinellas_pin.zip
GIS,2015,Polk,ftp://sdrftp03.dor.state.fl.us/Map Data/00_2015/Polk_pin.zip
GIS,2015,Putnam,ftp://sdrftp03.dor.state.fl.us/Map Data/00_2015/Putnam_pin.zip
GIS,2015,Santa Rosa,ftp://sdrftp03.dor.state.fl.us/Map Data/00_2015/Santa_Rosa_pin.zip
GIS,2015,Sarasota,ftp://sdrftp03.dor.state.fl.us/Map Data/00_2015/Sarasota_pin.zip
GIS,2015,Seminole,ftp://sdrftp03.dor.state.fl.us/Map Data/00_2015/Seminole_pin.zip
GIS,2015,St. Johns,ftp://sdrftp03.dor.state.fl.us/Map Data/00_2015/st_johns_pin.zip
GIS,2015,St. Lucie,ftp://sdrftp03.dor.state.fl.us/Map Data/00_2015/St_Lucie_pin.zip
GIS,2015,Sumter,ftp://sdrftp03.dor.state.fl.us/Map Data/00_2015/Sumter_pin.zip
GIS,2015,Suwannee,ftp://sdrftp03.dor.state.fl.us/Map Data/00_2015/Suwannee_pin.zip
GIS,2015,Taylor,ftp://sdrftp03.dor.state.fl.us/Map Data/00_2015/Taylor_pin.zip
GIS,2015,Union,ftp://sdrftp03.dor.state.fl.us/Map Data/00_2015/Union_pin.zip
GIS,2015,Volusia,ftp://sdrftp03.dor.state.fl.us/Map Data/00_2015/Volusia_pin.zip
GIS,2015,Wakulla,ftp://sdrftp03.dor.state.fl.us/Map Data/00_2015/Wakulla_pin.zip
GIS,2015,Walton,ftp://sdrftp03.dor.state.fl.us/Map Data/00_2015/Walton_pin.zip
GIS,2015,Washington,ftp://sdrftp03.dor.state.fl.us/Map Data/00_2015/Washington_pin.zip
GIS,2016,Alachua,ftp://sdrftp03.dor.state.fl.us/Map Data/00_2016/Alachua_pin.zip
GIS,2016,Baker,ftp://sdrftp03.dor.state.fl.us/Map Data/00_2016/Baker_pin.zip
GIS,2016,Bay,ftp://sdrftp03.dor.state.fl.us/Map Data/00_2016/Bay_pin.zip
GIS,2016,Bradford,ftp://sdrftp03.dor.state.fl.us/Map Data/00_2016/Bradford_pin.zip
GIS,2016,Brevard,ftp://sdrftp03.dor.state.fl.us/Map Data/00_2016/Brevard_pin.zip
GIS,2016,Broward,ftp://sdrftp03.dor.state.fl.us/Map Data/00_2016/broward_pin.zip
GIS,2016,Calhoun,ftp://sdrftp03.dor.state.fl.us/Map Data/00_2016/Calhoun_pin.zip
GIS,2016,Charlotte,ftp://sdrftp03.dor.state.fl.us/Map Data/00_2016/Charlotte_pin.zip
GIS,2016,Citrus,ftp://sdrftp03.dor.state.fl.us/Map Data/00_2016/Citrus_pin.zip
GIS,2016,Clay,ftp://sdrftp03.dor.state.fl.us/Map Data/00_2016/Clay_pin.zip
GIS,2016,Collier,ftp://sdrftp03.dor.state.fl.us/Map Data/00_2016/Collier_pin.zip
GIS,2016,Columbia,ftp://sdrftp03.dor.state.fl.us/Map Data/00_2016/Columbia_pin.zip
GIS,2016,Miami-Dade,ftp://sdrftp03.dor.state.fl.us/Map Data/00_2016/dade_pin.zip
GIS,2016,Desoto,ftp://sdrftp03.dor.state.fl.us/Map Data/00_2016/Desoto_pin.zip
GIS,2016,Dixie,ftp://sdrftp03.dor.state.fl.us/Map Data/00_2016/Dixie_pin.zip
GIS,2016,Duval,ftp://sdrftp03.dor.state.fl.us/Map Data/00_2016/Duval_pin.zip
GIS,2016,Escambia,ftp://sdrftp03.dor.state.fl.us/Map Data/00_2016/Escambia_pin.zip
GIS,2016,Flagler,ftp://sdrftp03.dor.state.fl.us/Map Data/00_2016/Flagler_pin.zip
GIS,2016,Franklin,ftp://sdrftp03.dor.state.fl.us/Map Data/00_2016/Franklin_pin.zip
GIS,2016,Gadsden,ftp://sdrftp03.dor.state.fl.us/Map Data/00_2016/Gadsden_pin.zip
GIS,2016,Gilchrist,ftp://sdrftp03.dor.state.fl.us/Map Data/00_2016/Gilchrist_pin.zip
GIS,2016,Glades,ftp://sdrftp03.dor.state.fl.us/Map Data/00_2016/Glades_pin.zip
GIS,2016,Gulf,ftp://sdrftp03.dor.state.fl.us/Map Data/00_2016/Gulf_pin.zip
GIS,2016,Hamilton,ftp://sdrftp03.dor.state.fl.us/Map Data/00_2016/Hamilton_pin.zip
GIS,2016,Hardee,ftp://sdrftp03.dor.state.fl.us/Map Data/00_2016/Hardee_pin.zip
GIS,2016,Hendry,ftp://sdrftp03.dor.state.fl.us/Map Data/00_2016/Hendry_pin.zip
GIS,2016,Hernando,ftp://sdrftp03.dor.state.fl.us/Map Data/00_2016/Hernando_pin.zip
GIS,2016,Highlands,ftp://sdrftp03.dor.state.fl.us/Map Data/00_2016/Highlands_pin.zip
GIS,2016,Hillsborough,ftp://sdrftp03.dor.state.fl.us/Map Data/00_2016/Hillsborough_pin.zip
GIS,2016,Holmes,ftp://sdrftp03.dor.state.fl.us/Map Data/00_2016/Holmes_pin.zip
GIS,2016,Indian River,ftp://sdrftp03.dor.state.fl.us/Map Data/00_2016/Indian_River_pin.zip
GIS,2016,Jackson,ftp://sdrftp03.dor.state.fl.us/Map Data/00_2016/Jackson_pin.zip
GIS,2016,Jefferson,ftp://sdrftp03.dor.state.fl.us/Map Data/00_2016/Jefferson_pin.zip
GIS,2016,Lafayette,ftp://sdrftp03.dor.state.fl.us/Map Data/00_2016/Lafayette_pin.zip
GIS,2016,Lake,ftp://sdrftp03.dor.state.fl.us/Map Data/00_2016/Lake_pin.zip
GIS,2016,Lee,ftp://sdrftp03.dor.state.fl.us/Map Data/00_2016/Lee_pin.zip
GIS,2016,Leon,ftp://sdrftp03.dor.state.fl.us/Map Data/00_2016/Leon_pin.zip
GIS,2016,Levy,ftp://sdrftp03.dor.state.fl.us/Map Data/00_2016/Levy_pin.zip
GIS,2016,Liberty,ftp://sdrftp03.dor.state.fl.us/Map Data/00_2016/Liberty_pin.zip
GIS,2016,Madison,ftp://sdrftp03.dor.state.fl.us/Map Data/00_2016/Madison_pin.zip
GIS,2016,Manatee,ftp://sdrftp03.dor.state.fl.us/Map Data/00_2016/Manatee_pin.zip
GIS,2016,Marion,ftp://sdrftp03.dor.state.fl.us/Map Data/00_2016/Marion_pin.zip
GIS,2016,Martin,ftp://sdrftp03.dor.state.fl.us/Map Data/00_2016/Martin_pin.zip
GIS,2016,Monroe,ftp://sdrftp03.dor.state.fl.us/Map Data/00_2016/Monroe_pin.zip
GIS,2016,Nassau,ftp://sdrftp03.dor.state.fl.us/Map Data/00_2016/Nassau_pin.zip
GIS,2016,Okaloosa,ftp://sdrftp03.dor.state.fl.us/Map Data/00_2016/Okaloosa_pin.zip
GIS,2016,Okeechobee,ftp://sdrftp03.dor.state.fl.us/Map Data/00_2016/Okeechobee_pin.zip
GIS,2016,Orange,ftp://sdrftp03.dor.state.fl.us/Map Data/00_2016/Orange_pin.zip
GIS,2016,Osceola,ftp://sdrftp03.dor.state.fl.us/Map Data/00_2016/Osceola_pin.zip
GIS,2016,Palm Beach,ftp://sdrftp03.dor.state.fl.us/Map Data/00_2016/Palm_Beach_pin.zip
GIS,2016,Pasco,ftp://sdrftp03.dor.state.fl.us/Map Data/00_2016/Pasco_pin.zip
GIS,2016,Pinellas,ftp://sdrftp03.dor.state.fl.us/Map Data/00_2016/Pinellas_pin.zip
GIS,2016,Polk,ftp://sdrftp03.dor.state.fl.us/Map Data/00_2016/Polk_pin.zip
GIS,2016,Putnam,ftp://sdrftp03.dor.state.fl.us/Map Data/00_2016/Putnam_pin.zip
GIS,2016,Santa Rosa,ftp://sdrftp03.dor.state.fl.us/Map Data/00_2016/santa_rosa_pin.zip
GIS,2016,Sarasota,ftp://sdrftp03.dor.state.fl.us/Map Data/00_2016/Sarasota_pin.zip
GIS,2016,Seminole,ftp://sdrftp03.dor.state.fl.us/Map Data/00_2016/Seminole_pin.zip
GIS,2016,St. Johns,ftp://sdrftp03.dor.state.fl.us/Map Data/00_2016/st_johns_pin.zip
GIS,2016,St. Lucie,ftp://sdrftp03.dor.state.fl.us/Map Data/00_2016/St_Lucie_pin.zip
GIS,2016,Sumter,ftp://sdrftp03.dor.state.fl.us/Map Data/00_2016/Sumter_pin.zip
GIS,2016,Suwannee,ftp://sdrftp03.dor.state.fl.us/Map Data/00_2016/Suwannee_pin.zip
GIS,2016,Taylor,ftp://sdrftp03.dor.state.fl.us/Map Data/00_2016/Taylor_pin.zip
GIS,2016,Union,ftp://sdrftp03.dor.state.fl.us/Map Data/00_2016/Union_pin.zip
GIS,2016,Volusia,ftp://sdrftp03.dor.state.fl.us/Map Data/00_2016/Volusia_pin.zip
GIS,2016,Wakulla,ftp://sdrftp03.dor.state.fl.us/Map Data/00_2016/Wakulla_pin.zip
GIS,2016,Walton,ftp://sdrftp03.dor.state.fl.us/Map Data/00_2016/Walton_pin.zip
GIS,2016,Washington,ftp://sdrftp03.dor.state.fl.us/Map Data/00_2016/Washington_pin.zip
GIS,2017,Alachua,ftp://sdrftp03.dor.state.fl.us/Map Data/00_2017/Alachua_pin.zip
GIS,2017,Baker,ftp://sdrftp03.dor.state.fl.us/Map Data/00_2017/Baker_pin.zip
GIS,2017,Bay,ftp://sdrftp03.dor.state.fl.us/Map Data/00_2017/Bay_pin.zip
GIS,2017,Bradford,ftp://sdrftp03.dor.state.fl.us/Map Data/00_2017/Bradford_pin.zip
GIS,2017,Brevard,ftp://sdrftp03.dor.state.fl.us/Map Data/00_2017/Brevard_pin.zip
GIS,2017,Broward,ftp://sdrftp03.dor.state.fl.us/Map Data/00_2017/broward_pin.zip
GIS,2017,Calhoun,ftp://sdrftp03.dor.state.fl.us/Map Data/00_2017/Calhoun_pin.zip
GIS,2017,Charlotte,ftp://sdrftp03.dor.state.fl.us/Map Data/00_2017/Charlotte_pin.zip
GIS,2017,Citrus,ftp://sdrftp03.dor.state.fl.us/Map Data/00_2017/Citrus_pin.zip
GIS,2017,Clay,ftp://sdrftp03.dor.state.fl.us/Map Data/00_2017/Clay_pin.zip
GIS,2017,Collier,ftp://sdrftp03.dor.state.fl.us/Map Data/00_2017/Collier_pin.zip
GIS,2017,Columbia,ftp://sdrftp03.dor.state.fl.us/Map Data/00_2017/Columbia_pin.zip
GIS,2017,Miami-Dade,ftp://sdrftp03.dor.state.fl.us/Map Data/00_2017/dade_pin.zip
GIS,2017,Desoto,ftp://sdrftp03.dor.state.fl.us/Map Data/00_2017/DeSoto_pin.zip
GIS,2017,Dixie,ftp://sdrftp03.dor.state.fl.us/Map Data/00_2017/Dixie_pin.zip
GIS,2017,Duval,ftp://sdrftp03.dor.state.fl.us/Map Data/00_2017/Duval_pin.zip
GIS,2017,Escambia,ftp://sdrftp03.dor.state.fl.us/Map Data/00_2017/Escambia_pin.zip
GIS,2017,Flagler,ftp://sdrftp03.dor.state.fl.us/Map Data/00_2017/Flagler_pin.zip
GIS,2017,Franklin,ftp://sdrftp03.dor.state.fl.us/Map Data/00_2017/Franklin_pin.zip
GIS,2017,Gadsden,ftp://sdrftp03.dor.state.fl.us/Map Data/00_2017/Gadsden_pin.zip
GIS,2017,Gilchrist,ftp://sdrftp03.dor.state.fl.us/Map Data/00_2017/Gilchrist_pin.zip
GIS,2017,Glades,ftp://sdrftp03.dor.state.fl.us/Map Data/00_2017/Glades_pin.zip
GIS,2017,Gulf,ftp://sdrftp03.dor.state.fl.us/Map Data/00_2017/Gulf_pin.zip
GIS,2017,Hamilton,ftp://sdrftp03.dor.state.fl.us/Map Data/00_2017/Hamilton_pin.zip
GIS,2017,Hardee,ftp://sdrftp03.dor.state.fl.us/Map Data/00_2017/Hardee_pin.zip
GIS,2017,Hendry,ftp://sdrftp03.dor.state.fl.us/Map Data/00_2017/Hendry_pin.zip
GIS,2017,Hernando,ftp://sdrftp03.dor.state.fl.us/Map Data/00_2017/Hernando_pin.zip
GIS,2017,Highlands,ftp://sdrftp03.dor.state.fl.us/Map Data/00_2017/Highlands_pin.zip
GIS,2017,Hillsborough,ftp://sdrftp03.dor.state.fl.us/Map Data/00_2017/Hillsborough_pin.zip
GIS,2017,Holmes,ftp://sdrftp03.dor.state.fl.us/Map Data/00_2017/Holmes_pin.zip
GIS,2017,Indian River,ftp://sdrftp03.dor.state.fl.us/Map Data/00_2017/Indian_River_pin.zip
GIS,2017,Jackson,ftp://sdrftp03.dor.state.fl.us/Map Data/00_2017/Jackson_pin.zip
GIS,2017,Jefferson,ftp://sdrftp03.dor.state.fl.us/Map Data/00_2017/Jefferson_pin.zip
GIS,2017,Lafayette,ftp://sdrftp03.dor.state.fl.us/Map Data/00_2017/Lafayette_pin.zip
GIS,2017,Lake,ftp://sdrftp03.dor.state.fl.us/Map Data/00_2017/Lake_pin.zip
GIS,2017,Lee,ftp://sdrftp03.dor.state.fl.us/Map Data/00_2017/Lee_pin.zip
GIS,2017,Leon,ftp://sdrftp03.dor.state.fl.us/Map Data/00_2017/Leon_pin.zip
GIS,2017,Levy,ftp://sdrftp03.dor.state.fl.us/Map Data/00_2017/Levy_pin.zip
GIS,2017,Liberty,ftp://sdrftp03.dor.state.fl.us/Map Data/00_2017/Liberty_pin.zip
GIS,2017,Madison,ftp://sdrftp03.dor.state.fl.us/Map Data/00_2017/Madison_pin.zip
GIS,2017,Manatee,ftp://sdrftp03.dor.state.fl.us/Map Data/00_2017/Manatee_pin.zip
GIS,2017,Marion,ftp://sdrftp03.dor.state.fl.us/Map Data/00_2017/Marion_pin.zip
GIS,2017,Martin,ftp://sdrftp03.dor.state.fl.us/Map Data/00_2017/Martin_pin.zip
GIS,2017,Monroe,ftp://sdrftp03.dor.state.fl.us/Map Data/00_2017/Monroe_pin.zip
GIS,2017,Nassau,ftp://sdrftp03.dor.state.fl.us/Map Data/00_2017/Nassau_pin.zip
GIS,2017,Okaloosa,ftp://sdrftp03.dor.state.fl.us/Map Data/00_2017/Okaloosa_pin.zip
GIS,2017,Okeechobee,ftp://sdrftp03.dor.state.fl.us/Map Data/00_2017/Okeechobee_pin.zip
GIS,2017,Orange,ftp://sdrftp03.dor.state.fl.us/Map Data/00_2017/Orange_pin.zip
GIS,2017,Osceola,ftp://sdrftp03.dor.state.fl.us/Map Data/00_2017/Osceola_pin.zip
GIS,2017,Palm Beach,ftp://sdrftp03.dor.state.fl.us/Map Data/00_2017/Palm_Beach_pin.zip
GIS,2017,Pasco,ftp://sdrftp03.dor.state.fl.us/Map Data/00_2017/Pasco_pin.zip
GIS,2017,Pinellas,ftp://sdrftp03.dor.state.fl.us/Map Data/00_2017/Pinellas_pin.zip
GIS,2017,Polk,ftp://sdrftp03.dor.state.fl.us/Map Data/00_2017/Polk_pin.zip
GIS,2017,Putnam,ftp://sdrftp03.dor.state.fl.us/Map Data/00_2017/Putnam_pin.zip
GIS,2017,Santa Rosa,ftp://sdrftp03.dor.state.fl.us/Map Data/00_2017/Santa_Rosa_pin.zip
GIS,2017,Sarasota,ftp://sdrftp03.dor.state.fl.us/Map Data/00_2017/Sarasota_pin.zip
GIS,2017,Seminole,ftp://sdrftp03.dor.state.fl.us/Map Data/00_2017/Seminole_pin.zip
GIS,2017,St. Johns,ftp://sdrftp03.dor.state.fl.us/Map Data/00_2017/stjohns_pin.zip
GIS,2017,St. Lucie,ftp://sdrftp03.dor.state.fl.us/Map Data/00_2017/St_Lucie_pin.zip
GIS,2017,Sumter,ftp://sdrftp03.dor.state.fl.us/Map Data/00_2017/Sumter_pin.zip
GIS,2017,Suwannee,ftp://sdrftp03.dor.state.fl.us/Map Data/00_2017/Suwannee_pin.zip
GIS,2017,Taylor,ftp://sdrftp03.dor.state.fl.us/Map Data/00_2017/Taylor_pin.zip
GIS,2017,Union,ftp://sdrftp03.dor.state.fl.us/Map Data/00_2017/Union_pin.zip
GIS,2017,Volusia,ftp://sdrftp03.dor.state.fl.us/Map Data/00_2017/Volusia_pin.zip
GIS,2017,Wakulla,ftp://sdrftp03.dor.state.fl.us/Map Data/00_2017/Wakulla_pin.zip
GIS,2017,Walton,ftp://sdrftp03.dor.state.fl.us/Map Data/00_2017/Walton_pin.zip
GIS,2017,Washington,ftp://sdrftp03.dor.state.fl.us/Map Data/00_2017/Washington_pin.zip
GIS,2018,Miami-Dade,ftp://sdrftp03.dor.state.fl.us/Map Data/00_2018/23_MiamiDadeGISCondos.zip
GIS,2018,Alachua,ftp://sdrftp03.dor.state.fl.us/Map Data/00_2018/alachua_2018pin.zip
GIS,2018,Baker,ftp://sdrftp03.dor.state.fl.us/Map Data/00_2018/baker_2018pin.zip
GIS,2018,Bay,ftp://sdrftp03.dor.state.fl.us/Map Data/00_2018/bay_2018pin.zip
GIS,2018,Bradford,ftp://sdrftp03.dor.state.fl.us/Map Data/00_2018/bradford_2018pin.zip
GIS,2018,Brevard,ftp://sdrftp03.dor.state.fl.us/Map Data/00_2018/brevard_2018pin.zip
GIS,2018,Broward,ftp://sdrftp03.dor.state.fl.us/Map Data/00_2018/broward_2018pin.zip
GIS,2018,Calhoun,ftp://sdrftp03.dor.state.fl.us/Map Data/00_2018/calhoun_2018pin.zip
GIS,2018,Charlotte,ftp://sdrftp03.dor.state.fl.us/Map Data/00_2018/charlotte_2018pin.zip
GIS,2018,Citrus,ftp://sdrftp03.dor.state.fl.us/Map Data/00_2018/citrus_2018pin.zip
GIS,2018,Clay,ftp://sdrftp03.dor.state.fl.us/Map Data/00_2018/clay_2018pin.zip
GIS,2018,Collier,ftp://sdrftp03.dor.state.fl.us/Map Data/00_2018/collier_2018pin.zip
GIS,2018,Columbia,ftp://sdrftp03.dor.state.fl.us/Map Data/00_2018/columbia_2018pin.zip
GIS,2018,Miami-Dade,ftp://sdrftp03.dor.state.fl.us/Map Data/00_2018/dade_2018pin.zip
GIS,2018,Desoto,ftp://sdrftp03.dor.state.fl.us/Map Data/00_2018/desoto_2018pin.zip
GIS,2018,Dixie,ftp://sdrftp03.dor.state.fl.us/Map Data/00_2018/dixie_2018pin.zip
GIS,2018,Duval,ftp://sdrftp03.dor.state.fl.us/Map Data/00_2018/duval_2018pin.shp.zip
GIS,2018,Escambia,ftp://sdrftp03.dor.state.fl.us/Map Data/00_2018/escambia_2018pin.zip
GIS,2018,Flagler,ftp://sdrftp03.dor.state.fl.us/Map Data/00_2018/flagler_2018pin.zip
GIS,2018,Franklin,ftp://sdrftp03.dor.state.fl.us/Map Data/00_2018/franklin_2018pin.zip
GIS,2018,Gadsden,ftp://sdrftp03.dor.state.fl.us/Map Data/00_2018/gadsden_2018pin.zip
GIS,2018,Gilchrist,ftp://sdrftp03.dor.state.fl.us/Map Data/00_2018/gilchrist_2018pin.zip
GIS,2018,Glades,ftp://sdrftp03.dor.state.fl.us/Map Data/00_2018/glades_2018pin.zip
GIS,2018,Gulf,ftp://sdrftp03.dor.state.fl.us/Map Data/00_2018/gulf_2018pin.zip
GIS,2018,Hamilton,ftp://sdrftp03.dor.state.fl.us/Map Data/00_2018/hamilton_2018pin.zip
GIS,2018,Hardee,ftp://sdrftp03.dor.state.fl.us/Map Data/00_2018/hardee_2018pin.zip
GIS,2018,Hendry,ftp://sdrftp03.dor.state.fl.us/Map Data/00_2018/hendry_2018pin.zip
GIS,2018,Hernando,ftp://sdrftp03.dor.state.fl.us/Map Data/00_2018/hernando_2018pin.zip
GIS,2018,Highlands,ftp://sdrftp03.dor.state.fl.us/Map Data/00_2018/highlands_2018pin.zip
GIS,2018,Hillsborough,ftp://sdrftp03.dor.state.fl.us/Map Data/00_2018/hillsborough_2018pin.zip
GIS,2018,Holmes,ftp://sdrftp03.dor.state.fl.us/Map Data/00_2018/holmes_2018pin.zip
GIS,2018,Indian River,ftp://sdrftp03.dor.state.fl.us/Map Data/00_2018/indian_river_2018pin.zip
GIS,2018,Jackson,ftp://sdrftp03.dor.state.fl.us/Map Data/00_2018/jackson_2018pin.zip
GIS,2018,Jefferson,ftp://sdrftp03.dor.state.fl.us/Map Data/00_2018/jefferson_2018pin.zip
GIS,2018,Lafayette,ftp://sdrftp03.dor.state.fl.us/Map Data/00_2018/lafayette_2018pin.zip
GIS,2018,Lake,ftp://sdrftp03.dor.state.fl.us/Map Data/00_2018/lake_2018pin.zip
GIS,2018,Lee,ftp://sdrftp03.dor.state.fl.us/Map Data/00_2018/lee_2018pin.zip
GIS,2018,Leon,ftp://sdrftp03.dor.state.fl.us/Map Data/00_2018/leon_2018pin.zip
GIS,2018,Levy,ftp://sdrftp03.dor.state.fl.us/Map Data/00_2018/levy_2018pin.zip
GIS,2018,Liberty,ftp://sdrftp03.dor.state.fl.us/Map Data/00_2018/liberty_2018pin.zip
GIS,2018,Madison,ftp://sdrftp03.dor.state.fl.us/Map Data/00_2018/madison_2018pin.zip
GIS,2018,Manatee,ftp://sdrftp03.dor.state.fl.us/Map Data/00_2018/manatee_2018pin.zip
GIS,2018,Marion,ftp://sdrftp03.dor.state.fl.us/Map Data/00_2018/marion_2018pin.zip
GIS,2018,Martin,ftp://sdrftp03.dor.state.fl.us/Map Data/00_2018/martin_2018pin.zip
GIS,2018,Monroe,ftp://sdrftp03.dor.state.fl.us/Map Data/00_2018/monroe_2018pin.zip
GIS,2018,Nassau,ftp://sdrftp03.dor.state.fl.us/Map Data/00_2018/nassau_2018pin.shp.zip
GIS,2018,Okaloosa,ftp://sdrftp03.dor.state.fl.us/Map Data/00_2018/okaloosa_2018pin.zip
GIS,2018,Okeechobee,ftp://sdrftp03.dor.state.fl.us/Map Data/00_2018/okeechobee_2018pin.zip
GIS,2018,Orange,ftp://sdrftp03.dor.state.fl.us/Map Data/00_2018/orange_2018pin.zip
GIS,2018,Osceola,ftp://sdrftp03.dor.state.fl.us/Map Data/00_2018/osceola_2018pin.zip
GIS,2018,Palm Beach,ftp://sdrftp03.dor.state.fl.us/Map Data/00_2018/palmbeach_2018pin.zip
GIS,2018,Pasco,ftp://sdrftp03.dor.state.fl.us/Map Data/00_2018/pasco_2018pin.zip
GIS,2018,Pinellas,ftp://sdrftp03.dor.state.fl.us/Map Data/00_2018/pinellas_2018pin.zip
GIS,2018,Polk,ftp://sdrftp03.dor.state.fl.us/Map Data/00_2018/polk_2018pin.zip
GIS,2018,Putnam,ftp://sdrftp03.dor.state.fl.us/Map Data/00_2018/putnam_2018pin.zip
GIS,2018,Santa Rosa,ftp://sdrftp03.dor.state.fl.us/Map Data/00_2018/santarosa_2018pin.zip
GIS,2018,Sarasota,ftp://sdrftp03.dor.state.fl.us/Map Data/00_2018/sarasota_2018pin.zip
GIS,2018,Seminole,ftp://sdrftp03.dor.state.fl.us/Map Data/00_2018/seminole_2018pin.zip
GIS,2018,St. Johns,ftp://sdrftp03.dor.state.fl.us/Map Data/00_2018/stjohns_2018condos.zip
GIS,2018,St. Johns,ftp://sdrftp03.dor.state.fl.us/Map Data/00_2018/stjohns_2018pin.zip
GIS,2018,St. Lucie,ftp://sdrftp03.dor.state.fl.us/Map Data/00_2018/stlucie_2018pin.zip
GIS,2018,Sumter,ftp://sdrftp03.dor.state.fl.us/Map Data/00_2018/sumter_2018pin.zip
GIS,2018,Suwannee,ftp://sdrftp03.dor.state.fl.us/Map Data/00_2018/suwannee_2018pin.zip
GIS,2018,Taylor,ftp://sdrftp03.dor.state.fl.us/Map Data/00_2018/taylor_2018pin.zip
GIS,2018,Union,ftp://sdrftp03.dor.state.fl.us/Map Data/00_2018/union_2018pin.zip
GIS,2018,Volusia,ftp://sdrftp03.dor.state.fl.us/Map Data/00_2018/volusia_2018pin.zip
GIS,2018,Wakulla,ftp://sdrftp03.dor.state.fl.us/Map Data/00_2018/wakulla_2018pin.zip
GIS,2018,Walton,ftp://sdrftp03.dor.state.fl.us/Map Data/00_2018/walton_2018pin.zip
GIS,2018,Washington,ftp://sdrftp03.dor.state.fl.us/Map Data/00_2018/washington_2018pin.zip
GIS,2019,Miami-Dade,ftp://sdrftp03.dor.state.fl.us/Map Data/2019 PIN Data Distribution/23_MiamiDadeGISCondos.zip
GIS,2019,Alachua,ftp://sdrftp03.dor.state.fl.us/Map Data/2019 PIN Data Distribution/alachua_2019pin.zip
GIS,2019,Baker,ftp://sdrftp03.dor.state.fl.us/Map Data/2019 PIN Data Distribution/baker_2019pin.zip
GIS,2019,Bay,ftp://sdrftp03.dor.state.fl.us/Map Data/2019 PIN Data Distribution/bay_2019pin.zip
GIS,2019,Bradford,ftp://sdrftp03.dor.state.fl.us/Map Data/2019 PIN Data Distribution/bradford_2019pin.zip
GIS,2019,Brevard,ftp://sdrftp03.dor.state.fl.us/Map Data/2019 PIN Data Distribution/brevard_2019pin.zip
GIS,2019,Broward,ftp://sdrftp03.dor.state.fl.us/Map Data/2019 PIN Data Distribution/broward_2019pin.zip
GIS,2019,Calhoun,ftp://sdrftp03.dor.state.fl.us/Map Data/2019 PIN Data Distribution/calhoun_2019pin.zip
GIS,2019,Charlotte,ftp://sdrftp03.dor.state.fl.us/Map Data/2019 PIN Data Distribution/charlotte_2019pin.zip
GIS,2019,Citrus,ftp://sdrftp03.dor.state.fl.us/Map Data/2019 PIN Data Distribution/citrus_2019pin.zip
GIS,2019,Clay,ftp://sdrftp03.dor.state.fl.us/Map Data/2019 PIN Data Distribution/clay_2019pin.zip
GIS,2019,Collier,ftp://sdrftp03.dor.state.fl.us/Map Data/2019 PIN Data Distribution/collier_2019pin.zip
GIS,2019,Columbia,ftp://sdrftp03.dor.state.fl.us/Map Data/2019 PIN Data Distribution/columbia_2019pin.zip
GIS,2019,Miami-Dade,ftp://sdrftp03.dor.state.fl.us/Map Data/2019 PIN Data Distribution/dade_2019pin.zip
GIS,2019,Desoto,ftp://sdrftp03.dor.state.fl.us/Map Data/2019 PIN Data Distribution/desoto_2019pin.zip
GIS,2019,Dixie,ftp://sdrftp03.dor.state.fl.us/Map Data/2019 PIN Data Distribution/dixie_2019pin.zip
GIS,2019,Duval,ftp://sdrftp03.dor.state.fl.us/Map Data/2019 PIN Data Distribution/duval_2019pin.zip
GIS,2019,Escambia,ftp://sdrftp03.dor.state.fl.us/Map Data/2019 PIN Data Distribution/escambia_2019pin.zip
GIS,2019,Flagler,ftp://sdrftp03.dor.state.fl.us/Map Data/2019 PIN Data Distribution/flagler_2019pin.zip
GIS,2019,Franklin,ftp://sdrftp03.dor.state.fl.us/Map Data/2019 PIN Data Distribution/franklin_2019pin.zip
GIS,2019,Gadsden,ftp://sdrftp03.dor.state.fl.us/Map Data/2019 PIN Data Distribution/gadsden_2019pin.zip
GIS,2019,Gilchrist,ftp://sdrftp03.dor.state.fl.us/Map Data/2019 PIN Data Distribution/gilchrist_2019pin.zip
GIS,2019,Glades,ftp://sdrftp03.dor.state.fl.us/Map Data/2019 PIN Data Distribution/glades_2019pin.zip
GIS,2019,Gulf,ftp://sdrftp03.dor.state.fl.us/Map Data/2019 PIN Data Distribution/gulf_2019pin.zip
GIS,2019,Hamilton,ftp://sdrftp03.dor.state.fl.us/Map Data/2019 PIN Data Distribution/hamilton_2019pin.zip
GIS,2019,Hardee,ftp://sdrftp03.dor.state.fl.us/Map Data/2019 PIN Data Distribution/hardee_2019pin.zip
GIS,2019,Hendry,ftp://sdrftp03.dor.state.fl.us/Map Data/2019 PIN Data Distribution/hendry_2019pin.zip
GIS,2019,Hernando,ftp://sdrftp03.dor.state.fl.us/Map Data/2019 PIN Data Distribution/hernando_2019pin.zip
GIS,2019,Highlands,ftp://sdrftp03.dor.state.fl.us/Map Data/2019 PIN Data Distribution/highlands_2019pin.zip
GIS,2019,Hillsborough,ftp://sdrftp03.dor.state.fl.us/Map Data/2019 PIN Data Distribution/hillsborough_2019pin.zip
GIS,2019,Holmes,ftp://sdrftp03.dor.state.fl.us/Map Data/2019 PIN Data Distribution/holmes_2019pin.zip
GIS,2019,Indian River,ftp://sdrftp03.dor.state.fl.us/Map Data/2019 PIN Data Distribution/indian_river_2019pin.zip
GIS,2019,Jackson,ftp://sdrftp03.dor.state.fl.us/Map Data/2019 PIN Data Distribution/jackson_2019pin.zip
GIS,2019,Jefferson,ftp://sdrftp03.dor.state.fl.us/Map Data/2019 PIN Data Distribution/jefferson_2019pin.zip
GIS,2019,Lafayette,ftp://sdrftp03.dor.state.fl.us/Map Data/2019 PIN Data Distribution/lafayette_2019pin.zip
GIS,2019,Lake,ftp://sdrftp03.dor.state.fl.us/Map Data/2019 PIN Data Distribution/lake_2019pin.zip
GIS,2019,Lee,ftp://sdrftp03.dor.state.fl.us/Map Data/2019 PIN Data Distribution/lee_2019pin.zip
GIS,2019,Leon,ftp://sdrftp03.dor.state.fl.us/Map Data/2019 PIN Data Distribution/leon_2019pin.zip
GIS,2019,Levy,ftp://sdrftp03.dor.state.fl.us/Map Data/2019 PIN Data Distribution/levy_2020pin.zip
GIS,2019,Liberty,ftp://sdrftp03.dor.state.fl.us/Map Data/2019 PIN Data Distribution/liberty_2019pin.zip
GIS,2019,Madison,ftp://sdrftp03.dor.state.fl.us/Map Data/2019 PIN Data Distribution/madison_2019pin.zip
GIS,2019,Manatee,ftp://sdrftp03.dor.state.fl.us/Map Data/2019 PIN Data Distribution/manatee_2019pin.zip
GIS,2019,Marion,ftp://sdrftp03.dor.state.fl.us/Map Data/2019 PIN Data Distribution/marion_2019pin.zip
GIS,2019,Martin,ftp://sdrftp03.dor.state.fl.us/Map Data/2019 PIN Data Distribution/martin_2019pin.zip
GIS,2019,Monroe,ftp://sdrftp03.dor.state.fl.us/Map Data/2019 PIN Data Distribution/monroe_2019pin.zip
GIS,2019,Nassau,ftp://sdrftp03.dor.state.fl.us/Map Data/2019 PIN Data Distribution/nassau_2019pin.zip
GIS,2019,Okaloosa,ftp://sdrftp03.dor.state.fl.us/Map Data/2019 PIN Data Distribution/okaloosa_2019pin.zip
GIS,2019,Okeechobee,ftp://sdrftp03.dor.state.fl.us/Map Data/2019 PIN Data Distribution/okeechobee_2019pin.zip
GIS,2019,Orange,ftp://sdrftp03.dor.state.fl.us/Map Data/2019 PIN Data Distribution/orange_2019pin.zip
GIS,2019,Osceola,ftp://sdrftp03.dor.state.fl.us/Map Data/2019 PIN Data Distribution/osceola_2019pin.zip
GIS,2019,Palm Beach,ftp://sdrftp03.dor.state.fl.us/Map Data/2019 PIN Data Distribution/palmbeach_2019pin.zip
GIS,2019,Pasco,ftp://sdrftp03.dor.state.fl.us/Map Data/2019 PIN Data Distribution/pasco_2019pin.zip
GIS,2019,Pinellas,ftp://sdrftp03.dor.state.fl.us/Map Data/2019 PIN Data Distribution/pinellas_2019pin.zip
GIS,2019,Polk,ftp://sdrftp03.dor.state.fl.us/Map Data/2019 PIN Data Distribution/polk_2019pin.zip
GIS,2019,Putnam,ftp://sdrftp03.dor.state.fl.us/Map Data/2019 PIN Data Distribution/putnam_2019pin.shp.zip
GIS,2019,Santa Rosa,ftp://sdrftp03.dor.state.fl.us/Map Data/2019 PIN Data Distribution/santa_rosa_2019pin.zip
GIS,2019,Sarasota,ftp://sdrftp03.dor.state.fl.us/Map Data/2019 PIN Data Distribution/sarasota_2019pin.zip
GIS,2019,Seminole,ftp://sdrftp03.dor.state.fl.us/Map Data/2019 PIN Data Distribution/seminole_2019pin.zip
GIS,2019,St. Johns,ftp://sdrftp03.dor.state.fl.us/Map Data/2019 PIN Data Distribution/stjohns_condos.zip
GIS,2019,St. Johns,ftp://sdrftp03.dor.state.fl.us/Map Data/2019 PIN Data Distribution/st_johns_2019pin.zip
GIS,2019,St. Lucie,ftp://sdrftp03.dor.state.fl.us/Map Data/2019 PIN Data Distribution/st_lucie_2019pin.zip
GIS,2019,Sumter,ftp://sdrftp03.dor.state.fl.us/Map Data/2019 PIN Data Distribution/sumter_2019pin.zip
GIS,2019,Suwannee,ftp://sdrftp03.dor.state.fl.us/Map Data/2019 PIN Data Distribution/suwannee_2019pin.zip
GIS,2019,Taylor,ftp://sdrftp03.dor.state.fl.us/Map Data/2019 PIN Data Distribution/taylor_2019pin.zip
GIS,2019,Union,ftp://sdrftp03.dor.state.fl.us/Map Data/2019 PIN Data Distribution/union_2019pin.zip
GIS,2019,Volusia,ftp://sdrftp03.dor.state.fl.us/Map Data/2019 PIN Data Distribution/volusia_2019pin.zip
GIS,2019,Wakulla,ftp://sdrftp03.dor.state.fl.us/Map Data/2019 PIN Data Distribution/wakulla_2019pin.zip
GIS,2019,Walton,ftp://sdrftp03.dor.state.fl.us/Map Data/2019 PIN Data Distribution/walton_2019pin.zip
GIS,2019,Washington,ftp://sdrftp03.dor.state.fl.us/Map Data/2019 PIN Data Distribution/washington_2019pin.zip
GIS,2020,Alachua,ftp://sdrftp03.dor.state.fl.us/Map Data/2020 PIN Data Distribution/alachua_2020pin.zip
GIS,2020,Baker,ftp://sdrftp03.dor.state.fl.us/Map Data/2020 PIN Data Distribution/baker_2020pin.zip
GIS,2020,Bay,ftp://sdrftp03.dor.state.fl.us/Map Data/2020 PIN Data Distribution/bay_2020pin.zip
GIS,2020,Bradford,ftp://sdrftp03.dor.state.fl.us/Map Data/2020 PIN Data Distribution/bradford_2020pin.zip
GIS,2020,Brevard,ftp://sdrftp03.dor.state.fl.us/Map Data/2020 PIN Data Distribution/brevard_2020pin.zip
GIS,2020,Broward,ftp://sdrftp03.dor.state.fl.us/Map Data/2020 PIN Data Distribution/broward_2020pin.zip
GIS,2020,Calhoun,ftp://sdrftp03.dor.state.fl.us/Map Data/2020 PIN Data Distribution/calhoun_2020pin.zip
GIS,2020,Charlotte,ftp://sdrftp03.dor.state.fl.us/Map Data/2020 PIN Data Distribution/charlotte_2020pin.zip
GIS,2020,Citrus,ftp://sdrftp03.dor.state.fl.us/Map Data/2020 PIN Data Distribution/citrus_2020pin.zip
GIS,2020,Clay,ftp://sdrftp03.dor.state.fl.us/Map Data/2020 PIN Data Distribution/clay_2020pin.zip
GIS,2020,Collier,ftp://sdrftp03.dor.state.fl.us/Map Data/2020 PIN Data Distribution/collier_2020pin.zip
GIS,2020,Columbia,ftp://sdrftp03.dor.state.fl.us/Map Data/2020 PIN Data Distribution/columbia_2020pin.zip
GIS,2020,Miami-Dade,ftp://sdrftp03.dor.state.fl.us/Map Data/2020 PIN Data Distribution/dade_2020pin.zip
GIS,2020,Miami-Dade,ftp://sdrftp03.dor.state.fl.us/Map Data/2020 PIN Data Distribution/dade_condos_2020pin.zip
GIS,2020,Desoto,ftp://sdrftp03.dor.state.fl.us/Map Data/2020 PIN Data Distribution/desoto_2020pin.zip
GIS,2020,Dixie,ftp://sdrftp03.dor.state.fl.us/Map Data/2020 PIN Data Distribution/dixie_2020pin.zip
GIS,2020,Duval,ftp://sdrftp03.dor.state.fl.us/Map Data/2020 PIN Data Distribution/duval_2020pin.zip
GIS,2020,Escambia,ftp://sdrftp03.dor.state.fl.us/Map Data/2020 PIN Data Distribution/escambia_2020pin.zip
GIS,2020,Flagler,ftp://sdrftp03.dor.state.fl.us/Map Data/2020 PIN Data Distribution/flagler_2020pin.zip
GIS,2020,Franklin,ftp://sdrftp03.dor.state.fl.us/Map Data/2020 PIN Data Distribution/franklin_2020pin.zip
GIS,2020,Gadsden,ftp://sdrftp03.dor.state.fl.us/Map Data/2020 PIN Data Distribution/gadsden_2020pin.zip
GIS,2020,Gilchrist,ftp://sdrftp03.dor.state.fl.us/Map Data/2020 PIN Data Distribution/gilchrist_2020pin.zip
GIS,2020,Glades,ftp://sdrftp03.dor.state.fl.us/Map Data/2020 PIN Data Distribution/glades_2020pin.zip
GIS,2020,Gulf,ftp://sdrftp03.dor.state.fl.us/Map Data/2020 PIN Data Distribution/gulf_2020pin.zip
GIS,2020,Hamilton,ftp://sdrftp03.dor.state.fl.us/Map Data/2020 PIN Data Distribution/hamilton_2020pin.zip
GIS,2020,Hardee,ftp://sdrftp03.dor.state.fl.us/Map Data/2020 PIN Data Distribution/hardee_2020pin.zip
GIS,2020,Hendry,ftp://sdrftp03.dor.state.fl.us/Map Data/2020 PIN Data Distribution/hendry_2020pin.zip
GIS,2020,Hernando,ftp://sdrftp03.dor.state.fl.us/Map Data/2020 PIN Data Distribution/hernando_2020pin.zip
GIS,2020,Highlands,ftp://sdrftp03.dor.state.fl.us/Map Data/2020 PIN Data Distribution/highlands_2020pin.zip
GIS,2020,Hillsborough,ftp://sdrftp03.dor.state.fl.us/Map Data/2020 PIN Data Distribution/hillsborough_2020pin.zip
GIS,2020,Holmes,ftp://sdrftp03.dor.state.fl.us/Map Data/2020 PIN Data Distribution/holmes_2020pin.zip
GIS,2020,Indian River,ftp://sdrftp03.dor.state.fl.us/Map Data/2020 PIN Data Distribution/indianriver_2020pin.zip
GIS,2020,Jackson,ftp://sdrftp03.dor.state.fl.us/Map Data/2020 PIN Data Distribution/jackson_2020pin.zip
GIS,2020,Jefferson,ftp://sdrftp03.dor.state.fl.us/Map Data/2020 PIN Data Distribution/jefferson_2020pin.zip
GIS,2020,Lafayette,ftp://sdrftp03.dor.state.fl.us/Map Data/2020 PIN Data Distribution/lafayette_2020pin.zip
GIS,2020,Lake,ftp://sdrftp03.dor.state.fl.us/Map Data/2020 PIN Data Distribution/lake_2020pin.zip
GIS,2020,Lee,ftp://sdrftp03.dor.state.fl.us/Map Data/2020 PIN Data Distribution/lee_2020pin.zip
GIS,2020,Leon,ftp://sdrftp03.dor.state.fl.us/Map Data/2020 PIN Data Distribution/leon_2020pin.zip
GIS,2020,Levy,ftp://sdrftp03.dor.state.fl.us/Map Data/2020 PIN Data Distribution/levy_2020pin.zip
GIS,2020,Liberty,ftp://sdrftp03.dor.state.fl.us/Map Data/2020 PIN Data Distribution/liberty_2020pin.zip
GIS,2020,Madison,ftp://sdrftp03.dor.state.fl.us/Map Data/2020 PIN Data Distribution/madison_2020pin.zip
GIS,2020,Manatee,ftp://sdrftp03.dor.state.fl.us/Map Data/2020 PIN Data Distribution/manatee_2020pin.zip
GIS,2020,Marion,ftp://sdrftp03.dor.state.fl.us/Map Data/2020 PIN Data Distribution/marion_2020pin.zip
GIS,2020,Martin,ftp://sdrftp03.dor.state.fl.us/Map Data/2020 PIN Data Distribution/martin_2020pin.zip
GIS,2020,Monroe,ftp://sdrftp03.dor.state.fl.us/Map Data/2020 PIN Data Distribution/monroe_2020pin.zip
GIS,2020,Nassau,ftp://sdrftp03.dor.state.fl.us/Map Data/2020 PIN Data Distribution/nassau_2020pin.zip
GIS,2020,Okaloosa,ftp://sdrftp03.dor.state.fl.us/Map Data/2020 PIN Data Distribution/okaloosa_2020pin.zip
GIS,2020,Okeechobee,ftp://sdrftp03.dor.state.fl.us/Map Data/2020 PIN Data Distribution/okeechobee_2020pin.shp.zip
GIS,2020,Orange,ftp://sdrftp03.dor.state.fl.us/Map Data/2020 PIN Data Distribution/orange_2020pin.zip
GIS,2020,Osceola,ftp://sdrftp03.dor.state.fl.us/Map Data/2020 PIN Data Distribution/osceola_2020pin.zip
GIS,2020,Palm Beach,ftp://sdrftp03.dor.state.fl.us/Map Data/2020 PIN Data Distribution/palmbeach_2020pin.zip
GIS,2020,Pasco,ftp://sdrftp03.dor.state.fl.us/Map Data/2020 PIN Data Distribution/pasco_2020pin.zip
GIS,2020,Pinellas,ftp://sdrftp03.dor.state.fl.us/Map Data/2020 PIN Data Distribution/pinellas_2020pin.zip
GIS,2020,Polk,ftp://sdrftp03.dor.state.fl.us/Map Data/2020 PIN Data Distribution/polk_2020pin.zip
GIS,2020,Putnam,ftp://sdrftp03.dor.state.fl.us/Map Data/2020 PIN Data Distribution/putnam_2020pin.zip
GIS,2020,Santa Rosa,ftp://sdrftp03.dor.state.fl.us/Map Data/2020 PIN Data Distribution/santa_rosa_2020pin.zip
GIS,2020,Sarasota,ftp://sdrftp03.dor.state.fl.us/Map Data/2020 PIN Data Distribution/sarasota_2020pin.zip
GIS,2020,Seminole,ftp://sdrftp03.dor.state.fl.us/Map Data/2020 PIN Data Distribution/seminole_2020pin.zip
GIS,2020,St. Johns,ftp://sdrftp03.dor.state.fl.us/Map Data/2020 PIN Data Distribution/stjohns_condos2020.zip
GIS,2020,St. Johns,ftp://sdrftp03.dor.state.fl.us/Map Data/2020 PIN Data Distribution/st_johns_2020pin.zip
GIS,2020,St. Lucie,ftp://sdrftp03.dor.state.fl.us/Map Data/2020 PIN Data Distribution/st_lucie_2020pin.zip
GIS,2020,Sumter,ftp://sdrftp03.dor.state.fl.us/Map Data/2020 PIN Data Distribution/sumter_2020pin.zip
GIS,2020,Suwannee,ftp://sdrftp03.dor.state.fl.us/Map Data/2020 PIN Data Distribution/suwannee_2020pin.zip
GIS,2020,Taylor,ftp://sdrftp03.dor.state.fl.us/Map Data/2020 PIN Data Distribution/taylor_2020pin.zip
GIS,2020,Union,ftp://sdrftp03.dor.state.fl.us/Map Data/2020 PIN Data Distribution/union_2020pin.zip
GIS,2020,Volusia,ftp://sdrftp03.dor.state.fl.us/Map Data/2020 PIN Data Distribution/volusia_2020pin.zip
GIS,2020,Wakulla,ftp://sdrftp03.dor.state.fl.us/Map Data/2020 PIN Data Distribution/wakulla_2020pin.zip
GIS,2020,Walton,ftp://sdrftp03.dor.state.fl.us/Map Data/2020 PIN Data Distribution/walton_2020pin.zip
GIS,2020,Washington,ftp://sdrftp03.dor.state.fl.us/Map Data/2020 PIN Data Distribution/washington_2020pin.zip
GIS,9999,,ftp://sdrftp03.dor.state.fl.us/Map Data/Readme First.pdf
TaxRoll,2020,Alachua,ftp://sdrftp03.dor.state.fl.us/Tax Roll Data Files/2020 Final NAL - SDF DBF Files/NAL11F202001.zip
TaxRoll,2020,Baker,ftp://sdrftp03.dor.state.fl.us/Tax Roll Data Files/2020 Final NAL - SDF DBF Files/NAL12F202001.zip
TaxRoll,2020,Bay,ftp://sdrftp03.dor.state.fl.us/Tax Roll Data Files/2020 Final NAL - SDF DBF Files/NAL13F202001.zip
TaxRoll,2020,Bradford,ftp://sdrftp03.dor.state.fl.us/Tax Roll Data Files/2020 Final NAL - SDF DBF Files/NAL14F202001.zip
TaxRoll,2020,Brevard,ftp://sdrftp03.dor.state.fl.us/Tax Roll Data Files/2020 Final NAL - SDF DBF Files/NAL15F202001.zip
TaxRoll,2020,Broward,ftp://sdrftp03.dor.state.fl.us/Tax Roll Data Files/2020 Final NAL - SDF DBF Files/NAL16F202001.zip
TaxRoll,2020,Calhoun,ftp://sdrftp03.dor.state.fl.us/Tax Roll Data Files/2020 Final NAL - SDF DBF Files/NAL17F202001.zip
TaxRoll,2020,Charlotte,ftp://sdrftp03.dor.state.fl.us/Tax Roll Data Files/2020 Final NAL - SDF DBF Files/NAL18F202002.zip
TaxRoll,2020,Citrus,ftp://sdrftp03.dor.state.fl.us/Tax Roll Data Files/2020 Final NAL - SDF DBF Files/NAL19F202001.zip
TaxRoll,2020,Clay,ftp://sdrftp03.dor.state.fl.us/Tax Roll Data Files/2020 Final NAL - SDF DBF Files/NAL20F202003.zip
TaxRoll,2020,Collier,ftp://sdrftp03.dor.state.fl.us/Tax Roll Data Files/2020 Final NAL - SDF DBF Files/NAL21F202001.zip
TaxRoll,2020,Columbia,ftp://sdrftp03.dor.state.fl.us/Tax Roll Data Files/2020 Final NAL - SDF DBF Files/NAL22F202002VAB.zip
TaxRoll,2020,Miami-Dade,ftp://sdrftp03.dor.state.fl.us/Tax Roll Data Files/2020 Final NAL - SDF DBF Files/NAL23F202001.zip
TaxRoll,2020,DeSoto,ftp://sdrftp03.dor.state.fl.us/Tax Roll Data Files/2020 Final NAL - SDF DBF Files/NAL24F202003.zip
TaxRoll,2020,Dixie,ftp://sdrftp03.dor.state.fl.us/Tax Roll Data Files/2020 Final NAL - SDF DBF Files/NAL25F202001.zip
TaxRoll,2020,Duval,ftp://sdrftp03.dor.state.fl.us/Tax Roll Data Files/2020 Final NAL - SDF DBF Files/NAL26F202001.zip
TaxRoll,2020,Escambia,ftp://sdrftp03.dor.state.fl.us/Tax Roll Data Files/2020 Final NAL - SDF DBF Files/NAL27F202001.zip
TaxRoll,2020,Flagler,ftp://sdrftp03.dor.state.fl.us/Tax Roll Data Files/2020 Final NAL - SDF DBF Files/NAL28F202002VAB.zip
TaxRoll,2020,Franklin,ftp://sdrftp03.dor.state.fl.us/Tax Roll Data Files/2020 Final NAL - SDF DBF Files/NAL29F202001.zip
TaxRoll,2020,Gadsden,ftp://sdrftp03.dor.state.fl.us/Tax Roll Data Files/2020 Final NAL - SDF DBF Files/NAL30F202001.zip
TaxRoll,2020,Gilchrist,ftp://sdrftp03.dor.state.fl.us/Tax Roll Data Files/2020 Final NAL - SDF DBF Files/NAL31F202002VAB.zip
TaxRoll,2020,Glades,ftp://sdrftp03.dor.state.fl.us/Tax Roll Data Files/2020 Final NAL - SDF DBF Files/NAL32F202002VAB.zip
TaxRoll,2020,Gulf,ftp://sdrftp03.dor.state.fl.us/Tax Roll Data Files/2020 Final NAL - SDF DBF Files/NAL33F202002.zip
TaxRoll,2020,Hamilton,ftp://sdrftp03.dor.state.fl.us/Tax Roll Data Files/2020 Final NAL - SDF DBF Files/NAL34F202001.zip
TaxRoll,2020,Hardee,ftp://sdrftp03.dor.state.fl.us/Tax Roll Data Files/2020 Final NAL - SDF DBF Files/NAL35F202001.zip
TaxRoll,2020,Hendry,ftp://sdrftp03.dor.state.fl.us/Tax Roll Data Files/2020 Final NAL - SDF DBF Files/NAL36F202001.zip
TaxRoll,2020,Hernando,ftp://sdrftp03.dor.state.fl.us/Tax Roll Data Files/2020 Final NAL - SDF DBF Files/NAL37F202001.zip
TaxRoll,2020,Highlands,ftp://sdrftp03.dor.state.fl.us/Tax Roll Data Files/2020 Final NAL - SDF DBF Files/NAL38F202001.zip
TaxRoll,2020,Hillsborough,ftp://sdrftp03.dor.state.fl.us/Tax Roll Data Files/2020 Final NAL - SDF DBF Files/NAL39F202001.zip
TaxRoll,2020,Holmes,ftp://sdrftp03.dor.state.fl.us/Tax Roll Data Files/2020 Final NAL - SDF DBF Files/NAL40F202001.zip
TaxRoll,2020,Indian River,ftp://sdrftp03.dor.state.fl.us/Tax Roll Data Files/2020 Final NAL - SDF DBF Files/NAL41F202001.zip
TaxRoll,2020,Jackson,ftp://sdrftp03.dor.state.fl.us/Tax Roll Data Files/2020 Final NAL - SDF DBF Files/NAL42F202003VAB.zip
TaxRoll,2020,Jefferson,ftp://sdrftp03.dor.state.fl.us/Tax Roll Data Files/2020 Final NAL - SDF DBF Files/NAL43F202001.zip
TaxRoll,2020,Lafayette,ftp://sdrftp03.dor.state.fl.us/Tax Roll Data Files/2020 Final NAL - SDF DBF Files/NAL44F202001.zip
TaxRoll,2020,Lake,ftp://sdrftp03.dor.state.fl.us/Tax Roll Data Files/2020 Final NAL - SDF DBF Files/NAL45F202001.zip
TaxRoll,2020,Lee,ftp://sdrftp03.dor.state.fl.us/Tax Roll Data Files/2020 Final NAL - SDF DBF Files/NAL46F202001.zip
TaxRoll,2020,Leon,ftp://sdrftp03.dor.state.fl.us/Tax Roll Data Files/2020 Final NAL - SDF DBF Files/NAL47F202001.zip
TaxRoll,2020,Levy,ftp://sdrftp03.dor.state.fl.us/Tax Roll Data Files/2020 Final NAL - SDF DBF Files/NAL48F202001.zip
TaxRoll,2020,Liberty,ftp://sdrftp03.dor.state.fl.us/Tax Roll Data Files/2020 Final NAL - SDF DBF Files/NAL49F202001.zip
TaxRoll,2020,Madison,ftp://sdrftp03.dor.state.fl.us/Tax Roll Data Files/2020 Final NAL - SDF DBF Files/NAL50F202001.zip
TaxRoll,2020,Manatee,ftp://sdrftp03.dor.state.fl.us/Tax Roll Data Files/2020 Final NAL - SDF DBF Files/NAL51F202001.zip
TaxRoll,2020,Marion,ftp://sdrftp03.dor.state.fl.us/Tax Roll Data Files/2020 Final NAL - SDF DBF Files/NAL52F202001.zip
TaxRoll,2020,Martin,ftp://sdrftp03.dor.state.fl.us/Tax Roll Data Files/2020 Final NAL - SDF DBF Files/NAL53F202002.zip
TaxRoll,2020,Monroe,ftp://sdrftp03.dor.state.fl.us/Tax Roll Data Files/2020 Final NAL - SDF DBF Files/NAL54F202001.zip
TaxRoll,2020,Nassau,ftp://sdrftp03.dor.state.fl.us/Tax Roll Data Files/2020 Final NAL - SDF DBF Files/NAL55F202001.zip
TaxRoll,2020,Okaloosa,ftp://sdrftp03.dor.state.fl.us/Tax Roll Data Files/2020 Final NAL - SDF DBF Files/NAL56F202003VAB.zip
TaxRoll,2020,Okeechobee,ftp://sdrftp03.dor.state.fl.us/Tax Roll Data Files/2020 Final NAL - SDF DBF Files/NAL57F202002VAB.zip
TaxRoll,2020,Orange,ftp://sdrftp03.dor.state.fl.us/Tax Roll Data Files/2020 Final NAL - SDF DBF Files/NAL58F202001.zip
TaxRoll,2020,Osceola,ftp://sdrftp03.dor.state.fl.us/Tax Roll Data Files/2020 Final NAL - SDF DBF Files/NAL59F202001.zip
TaxRoll,2020,Palm Beach,ftp://sdrftp03.dor.state.fl.us/Tax Roll Data Files/2020 Final NAL - SDF DBF Files/NAL60F202001.zip
TaxRoll,2020,Pasco,ftp://sdrftp03.dor.state.fl.us/Tax Roll Data Files/2020 Final NAL - SDF DBF Files/NAL61F202001.zip
TaxRoll,2020,Pinellas,ftp://sdrftp03.dor.state.fl.us/Tax Roll Data Files/2020 Final NAL - SDF DBF Files/NAL62F202001.zip
TaxRoll,2020,Polk,ftp://sdrftp03.dor.state.fl.us/Tax Roll Data Files/2020 Final NAL - SDF DBF Files/NAL63F202001.zip
TaxRoll,2020,Putnam,ftp://sdrftp03.dor.state.fl.us/Tax Roll Data Files/2020 Final NAL - SDF DBF Files/NAL64F202002VAB.zip
TaxRoll,2020,St. Johns,ftp://sdrftp03.dor.state.fl.us/Tax Roll Data Files/2020 Final NAL - SDF DBF Files/NAL65F202001.zip
TaxRoll,2020,St. Lucie,ftp://sdrftp03.dor.state.fl.us/Tax Roll Data Files/2020 Final NAL - SDF DBF Files/NAL66F202001.zip
TaxRoll,2020,Santa Rosa,ftp://sdrftp03.dor.state.fl.us/Tax Roll Data Files/2020 Final NAL - SDF DBF Files/NAL67F202002VAB.zip
TaxRoll,2020,Sarasota,ftp://sdrftp03.dor.state.fl.us/Tax Roll Data Files/2020 Final NAL - SDF DBF Files/NAL68F202001.zip
TaxRoll,2020,Seminole,ftp://sdrftp03.dor.state.fl.us/Tax Roll Data Files/2020 Final NAL - SDF DBF Files/NAL69F202001.zip
TaxRoll,2020,Sumter,ftp://sdrftp03.dor.state.fl.us/Tax Roll Data Files/2020 Final NAL - SDF DBF Files/NAL70F202001.zip
TaxRoll,2020,Suwannee,ftp://sdrftp03.dor.state.fl.us/Tax Roll Data Files/2020 Final NAL - SDF DBF Files/NAL71F202002VAB.zip
TaxRoll,2020,Taylor,ftp://sdrftp03.dor.state.fl.us/Tax Roll Data Files/2020 Final NAL - SDF DBF Files/NAL72F202002VAB.zip
TaxRoll,2020,Union,ftp://sdrftp03.dor.state.fl.us/Tax Roll Data Files/2020 Final NAL - SDF DBF Files/NAL73F202001.zip
TaxRoll,2020,Volusia,ftp://sdrftp03.dor.state.fl.us/Tax Roll Data Files/2020 Final NAL - SDF DBF Files/NAL74F202001.zip
TaxRoll,2020,Wakulla,ftp://sdrftp03.dor.state.fl.us/Tax Roll Data Files/2020 Final NAL - SDF DBF Files/NAL75F202001.zip
TaxRoll,2020,Walton,ftp://sdrftp03.dor.state.fl.us/Tax Roll Data Files/2020 Final NAL - SDF DBF Files/NAL76F202002VAB.zip
TaxRoll,2020,Washington,ftp://sdrftp03.dor.state.fl.us/Tax Roll Data Files/2020 Final NAL - SDF DBF Files/NAL77F202002VAB.zip
TaxRoll,2020,Alachua,ftp://sdrftp03.dor.state.fl.us/Tax Roll Data Files/2020 Final NAL - SDF Files/Alachua 11 Final NAL 2020.zip
TaxRoll,2020,Alachua,ftp://sdrftp03.dor.state.fl.us/Tax Roll Data Files/2020 Final NAL - SDF Files/Alachua 11 Final SDF 2020.zip
TaxRoll,2020,Baker,ftp://sdrftp03.dor.state.fl.us/Tax Roll Data Files/2020 Final NAL - SDF Files/Baker 12 Final NAL 2020.zip
TaxRoll,2020,Baker,ftp://sdrftp03.dor.state.fl.us/Tax Roll Data Files/2020 Final NAL - SDF Files/Baker 12 Final SDF 2020.zip
TaxRoll,2020,Bay,ftp://sdrftp03.dor.state.fl.us/Tax Roll Data Files/2020 Final NAL - SDF Files/Bay 13 Final NAL 2020.zip
TaxRoll,2020,Bay,ftp://sdrftp03.dor.state.fl.us/Tax Roll Data Files/2020 Final NAL - SDF Files/Bay 13 Final SDF 2020.zip
TaxRoll,2020,Bradford,ftp://sdrftp03.dor.state.fl.us/Tax Roll Data Files/2020 Final NAL - SDF Files/Bradford 14 Final NAL 2020.zip
TaxRoll,2020,Bradford,ftp://sdrftp03.dor.state.fl.us/Tax Roll Data Files/2020 Final NAL - SDF Files/Bradford 14 Final SDF 2020.zip
TaxRoll,2020,Brevard,ftp://sdrftp03.dor.state.fl.us/Tax Roll Data Files/2020 Final NAL - SDF Files/Brevard 15 Final NAL 2020.zip
TaxRoll,2020,Brevard,ftp://sdrftp03.dor.state.fl.us/Tax Roll Data Files/2020 Final NAL - SDF Files/Brevard 15 Final SDF 2020.zip
TaxRoll,2020,Broward,ftp://sdrftp03.dor.state.fl.us/Tax Roll Data Files/2020 Final NAL - SDF Files/Broward 16 Final NAL 2020.zip
TaxRoll,2020,Broward,ftp://sdrftp03.dor.state.fl.us/Tax Roll Data Files/2020 Final NAL - SDF Files/Broward 16 Final SDF 2020.zip
TaxRoll,2020,Calhoun,ftp://sdrftp03.dor.state.fl.us/Tax Roll Data Files/2020 Final NAL - SDF Files/Calhoun 17 Final NAL 2020.zip
TaxRoll,2020,Calhoun,ftp://sdrftp03.dor.state.fl.us/Tax Roll Data Files/2020 Final NAL - SDF Files/Calhoun 17 Final SDF 2020.zip
TaxRoll,2020,Charlotte,ftp://sdrftp03.dor.state.fl.us/Tax Roll Data Files/2020 Final NAL - SDF Files/Charlotte 18 Final NAL 2020.zip
TaxRoll,2020,Charlotte,ftp://sdrftp03.dor.state.fl.us/Tax Roll Data Files/2020 Final NAL - SDF Files/Charlotte 18 Final SDF 2020.zip
TaxRoll,2020,Citrus,ftp://sdrftp03.dor.state.fl.us/Tax Roll Data Files/2020 Final NAL - SDF Files/Citrus 19 Final NAL 2020.zip
TaxRoll,2020,Citrus,ftp://sdrftp03.dor.state.fl.us/Tax Roll Data Files/2020 Final NAL - SDF Files/Citrus 19 Final SDF 2020.zip
TaxRoll,2020,Clay,ftp://sdrftp03.dor.state.fl.us/Tax Roll Data Files/2020 Final NAL - SDF Files/Clay 20 Final NAL 2020.zip
TaxRoll,2020,Clay,ftp://sdrftp03.dor.state.fl.us/Tax Roll Data Files/2020 Final NAL - SDF Files/Clay 20 Final SDF 2020.zip
TaxRoll,2020,Collier,ftp://sdrftp03.dor.state.fl.us/Tax Roll Data Files/2020 Final NAL - SDF Files/Collier 21 Final NAL 2020.zip
TaxRoll,2020,Collier,ftp://sdrftp03.dor.state.fl.us/Tax Roll Data Files/2020 Final NAL - SDF Files/Collier 21 Final SDF 2020.zip
TaxRoll,2020,Columbia,ftp://sdrftp03.dor.state.fl.us/Tax Roll Data Files/2020 Final NAL - SDF Files/Columbia 22 Final NAL 2020.zip
TaxRoll,2020,Columbia,ftp://sdrftp03.dor.state.fl.us/Tax Roll Data Files/2020 Final NAL - SDF Files/Columbia 22 Final SDF 2020.zip
TaxRoll,2020,Miami-Dade,ftp://sdrftp03.dor.state.fl.us/Tax Roll Data Files/2020 Final NAL - SDF Files/Dade 23 Final NAL 2020.zip
TaxRoll,2020,Miami-Dade,ftp://sdrftp03.dor.state.fl.us/Tax Roll Data Files/2020 Final NAL - SDF Files/Dade 23 Final SDF 2020.zip
TaxRoll,2020,Desoto,ftp://sdrftp03.dor.state.fl.us/Tax Roll Data Files/2020 Final NAL - SDF Files/Desoto 24 Final NAL 2020.zip
TaxRoll,2020,Desoto,ftp://sdrftp03.dor.state.fl.us/Tax Roll Data Files/2020 Final NAL - SDF Files/Desoto 24 Final SDF 2020.zip
TaxRoll,2020,Dixie,ftp://sdrftp03.dor.state.fl.us/Tax Roll Data Files/2020 Final NAL - SDF Files/Dixie 25 Final NAL 2020.zip
TaxRoll,2020,Dixie,ftp://sdrftp03.dor.state.fl.us/Tax Roll Data Files/2020 Final NAL - SDF Files/Dixie 25 Final SDF 2020.zip
TaxRoll,2020,Duval,ftp://sdrftp03.dor.state.fl.us/Tax Roll Data Files/2020 Final NAL - SDF Files/Duval 26 Final NAL 2020.zip
TaxRoll,2020,Duval,ftp://sdrftp03.dor.state.fl.us/Tax Roll Data Files/2020 Final NAL - SDF Files/Duval 26 Final SDF 2020.zip
TaxRoll,2020,Escambia,ftp://sdrftp03.dor.state.fl.us/Tax Roll Data Files/2020 Final NAL - SDF Files/Escambia 27 Final NAL 2020.zip
TaxRoll,2020,Escambia,ftp://sdrftp03.dor.state.fl.us/Tax Roll Data Files/2020 Final NAL - SDF Files/Escambia 27 Final SDF 2020.zip
TaxRoll,2020,Flagler,ftp://sdrftp03.dor.state.fl.us/Tax Roll Data Files/2020 Final NAL - SDF Files/Flagler 28 Final NAL 2020.zip
TaxRoll,2020,Flagler,ftp://sdrftp03.dor.state.fl.us/Tax Roll Data Files/2020 Final NAL - SDF Files/Flagler 28 Final SDF 2020.zip
TaxRoll,2020,Franklin,ftp://sdrftp03.dor.state.fl.us/Tax Roll Data Files/2020 Final NAL - SDF Files/Franklin 29 Final NAL 2020.zip
TaxRoll,2020,Franklin,ftp://sdrftp03.dor.state.fl.us/Tax Roll Data Files/2020 Final NAL - SDF Files/Franklin 29 Final SDF 2020.zip
TaxRoll,2020,Gadsden,ftp://sdrftp03.dor.state.fl.us/Tax Roll Data Files/2020 Final NAL - SDF Files/Gadsden 30 Final NAL 2020.zip
TaxRoll,2020,Gadsden,ftp://sdrftp03.dor.state.fl.us/Tax Roll Data Files/2020 Final NAL - SDF Files/Gadsden 30 Final SDF 2020.zip
TaxRoll,2020,Gilchrist,ftp://sdrftp03.dor.state.fl.us/Tax Roll Data Files/2020 Final NAL - SDF Files/Gilchrist 31 Final NAL 2020.zip
TaxRoll,2020,Gilchrist,ftp://sdrftp03.dor.state.fl.us/Tax Roll Data Files/2020 Final NAL - SDF Files/Gilchrist 31 Final SDF 2020.zip
TaxRoll,2020,Glades,ftp://sdrftp03.dor.state.fl.us/Tax Roll Data Files/2020 Final NAL - SDF Files/Glades 32 Final NAL 2020.zip
TaxRoll,2020,Glades,ftp://sdrftp03.dor.state.fl.us/Tax Roll Data Files/2020 Final NAL - SDF Files/Glades 32 Final SDF 2020.zip
TaxRoll,2020,Gulf,ftp://sdrftp03.dor.state.fl.us/Tax Roll Data Files/2020 Final NAL - SDF Files/Gulf 33 Final NAL 2020.zip
TaxRoll,2020,Gulf,ftp://sdrftp03.dor.state.fl.us/Tax Roll Data Files/2020 Final NAL - SDF Files/Gulf 33 Final SDF 2020.zip
TaxRoll,2020,Hamilton,ftp://sdrftp03.dor.state.fl.us/Tax Roll Data Files/2020 Final NAL - SDF Files/Hamilton 34 Final NAL 2020.zip
TaxRoll,2020,Hamilton,ftp://sdrftp03.dor.state.fl.us/Tax Roll Data Files/2020 Final NAL - SDF Files/Hamilton 34 Final SDF 2020.zip
TaxRoll,2020,Hardee,ftp://sdrftp03.dor.state.fl.us/Tax Roll Data Files/2020 Final NAL - SDF Files/Hardee 35 Final NAL 2020.zip
TaxRoll,2020,Hardee,ftp://sdrftp03.dor.state.fl.us/Tax Roll Data Files/2020 Final NAL - SDF Files/Hardee 35 Final SDF 2020.zip
TaxRoll,2020,Hendry,ftp://sdrftp03.dor.state.fl.us/Tax Roll Data Files/2020 Final NAL - SDF Files/Hendry 36 Final NAL 2020.zip
TaxRoll,2020,Hendry,ftp://sdrftp03.dor.state.fl.us/Tax Roll Data Files/2020 Final NAL - SDF Files/Hendry 36 Final SDF 2020.zip
TaxRoll,2020,Hernando,ftp://sdrftp03.dor.state.fl.us/Tax Roll Data Files/2020 Final NAL - SDF Files/Hernando 37 Final NAL 2020.zip
TaxRoll,2020,Hernando,ftp://sdrftp03.dor.state.fl.us/Tax Roll Data Files/2020 Final NAL - SDF Files/Hernando 37 Final SDF 2020.zip
TaxRoll,2020,Highlands,ftp://sdrftp03.dor.state.fl.us/Tax Roll Data Files/2020 Final NAL - SDF Files/Highlands 38 Final NAL 2020.zip
TaxRoll,2020,Highlands,ftp://sdrftp03.dor.state.fl.us/Tax Roll Data Files/2020 Final NAL - SDF Files/Highlands 38 Final SDF 2020.zip
TaxRoll,2020,Hillsborough,ftp://sdrftp03.dor.state.fl.us/Tax Roll Data Files/2020 Final NAL - SDF Files/Hillsborough 39 Final NAL 2020.zip
TaxRoll,2020,Hillsborough,ftp://sdrftp03.dor.state.fl.us/Tax Roll Data Files/2020 Final NAL - SDF Files/Hillsborough 39 Final SDF 2020.zip
TaxRoll,2020,Holmes,ftp://sdrftp03.dor.state.fl.us/Tax Roll Data Files/2020 Final NAL - SDF Files/Holmes 40 Final NAL 2020.zip
TaxRoll,2020,Holmes,ftp://sdrftp03.dor.state.fl.us/Tax Roll Data Files/2020 Final NAL - SDF Files/Holmes 40 Final SDF 2020.zip
TaxRoll,2020,Indian River,ftp://sdrftp03.dor.state.fl.us/Tax Roll Data Files/2020 Final NAL - SDF Files/Indian River 41 Final NAL 2020.zip
TaxRoll,2020,Indian River,ftp://sdrftp03.dor.state.fl.us/Tax Roll Data Files/2020 Final NAL - SDF Files/Indian River 41 Final SDF 2020.zip
TaxRoll,2020,Jackson,ftp://sdrftp03.dor.state.fl.us/Tax Roll Data Files/2020 Final NAL - SDF Files/Jackson 42 Final NAL 2020.zip
TaxRoll,2020,Jackson,ftp://sdrftp03.dor.state.fl.us/Tax Roll Data Files/2020 Final NAL - SDF Files/Jackson 42 Final SDF 2020.zip
TaxRoll,2020,Jefferson,ftp://sdrftp03.dor.state.fl.us/Tax Roll Data Files/2020 Final NAL - SDF Files/Jefferson 43 Final NAL 2020.zip
TaxRoll,2020,Jefferson,ftp://sdrftp03.dor.state.fl.us/Tax Roll Data Files/2020 Final NAL - SDF Files/Jefferson 43 Final SDF 2020.zip
TaxRoll,2020,Lafayette,ftp://sdrftp03.dor.state.fl.us/Tax Roll Data Files/2020 Final NAL - SDF Files/Lafayette 44 Final NAL 2020.zip
TaxRoll,2020,Lafayette,ftp://sdrftp03.dor.state.fl.us/Tax Roll Data Files/2020 Final NAL - SDF Files/Lafayette 44 Final SDF 2020.zip
TaxRoll,2020,Lake,ftp://sdrftp03.dor.state.fl.us/Tax Roll Data Files/2020 Final NAL - SDF Files/Lake 45 Final NAL 2020.zip
TaxRoll,2020,Lake,ftp://sdrftp03.dor.state.fl.us/Tax Roll Data Files/2020 Final NAL - SDF Files/Lake 45 Final SDF 2020.zip
TaxRoll,2020,Lee,ftp://sdrftp03.dor.state.fl.us/Tax Roll Data Files/2020 Final NAL - SDF Files/Lee 46 Final NAL 2020.zip
TaxRoll,2020,Lee,ftp://sdrftp03.dor.state.fl.us/Tax Roll Data Files/2020 Final NAL - SDF Files/Lee 46 Final SDF 2020.zip
TaxRoll,2020,Leon,ftp://sdrftp03.dor.state.fl.us/Tax Roll Data Files/2020 Final NAL - SDF Files/Leon 47 Final NAL 2020.zip
TaxRoll,2020,Leon,ftp://sdrftp03.dor.state.fl.us/Tax Roll Data Files/2020 Final NAL - SDF Files/Leon 47 Final SDF 2020.zip
TaxRoll,2020,Levy,ftp://sdrftp03.dor.state.fl.us/Tax Roll Data Files/2020 Final NAL - SDF Files/Levy 48 Final NAL 2020.zip
TaxRoll,2020,Levy,ftp://sdrftp03.dor.state.fl.us/Tax Roll Data Files/2020 Final NAL - SDF Files/Levy 48 Final SDF 2020.zip
TaxRoll,2020,Liberty,ftp://sdrftp03.dor.state.fl.us/Tax Roll Data Files/2020 Final NAL - SDF Files/Liberty 49 Final NAL 2020.zip
TaxRoll,2020,Liberty,ftp://sdrftp03.dor.state.fl.us/Tax Roll Data Files/2020 Final NAL - SDF Files/Liberty 49 Final SDF 2020.zip
TaxRoll,2020,Madison,ftp://sdrftp03.dor.state.fl.us/Tax Roll Data Files/2020 Final NAL - SDF Files/Madison 50 Final NAL 2020.zip
TaxRoll,2020,Madison,ftp://sdrftp03.dor.state.fl.us/Tax Roll Data Files/2020 Final NAL - SDF Files/Madison 50 Final SDF 2020.zip
TaxRoll,2020,Manatee,ftp://sdrftp03.dor.state.fl.us/Tax Roll Data Files/2020 Final NAL - SDF Files/Manatee 51 Final NAL 2020.zip
TaxRoll,2020,Manatee,ftp://sdrftp03.dor.state.fl.us/Tax Roll Data Files/2020 Final NAL - SDF Files/Manatee 51 Final SDF 2020.zip
TaxRoll,2020,Marion,ftp://sdrftp03.dor.state.fl.us/Tax Roll Data Files/2020 Final NAL - SDF Files/Marion 52 Final NAL 2020.zip
TaxRoll,2020,Marion,ftp://sdrftp03.dor.state.fl.us/Tax Roll Data Files/2020 Final NAL - SDF Files/Marion 52 Final SDF 2020.zip
TaxRoll,2020,Martin,ftp://sdrftp03.dor.state.fl.us/Tax Roll Data Files/2020 Final NAL - SDF Files/Martin 53 Final NAL 2020.zip
TaxRoll,2020,Martin,ftp://sdrftp03.dor.state.fl.us/Tax Roll Data Files/2020 Final NAL - SDF Files/Martin 53 Final SDF 2020.zip
TaxRoll,2020,Monroe,ftp://sdrftp03.dor.state.fl.us/Tax Roll Data Files/2020 Final NAL - SDF Files/Monroe 54 Final NAL 2020.zip
TaxRoll,2020,Monroe,ftp://sdrftp03.dor.state.fl.us/Tax Roll Data Files/2020 Final NAL - SDF Files/Monroe 54 Final SDF 2020.zip
TaxRoll,2020,Nassau,ftp://sdrftp03.dor.state.fl.us/Tax Roll Data Files/2020 Final NAL - SDF Files/Nassau 55 Final NAL 2020.zip
TaxRoll,2020,Nassau,ftp://sdrftp03.dor.state.fl.us/Tax Roll Data Files/2020 Final NAL - SDF Files/Nassau 55 Final SDF 2020.zip
TaxRoll,2020,Okaloosa,ftp://sdrftp03.dor.state.fl.us/Tax Roll Data Files/2020 Final NAL - SDF Files/Okaloosa 56 Final NAL 2020.zip
TaxRoll,2020,Okaloosa,ftp://sdrftp03.dor.state.fl.us/Tax Roll Data Files/2020 Final NAL - SDF Files/Okaloosa 56 Final SDF 2020.zip
TaxRoll,2020,Okeechobee,ftp://sdrftp03.dor.state.fl.us/Tax Roll Data Files/2020 Final NAL - SDF Files/Okeechobee 57 Final NAL 2020.zip
TaxRoll,2020,Okeechobee,ftp://sdrftp03.dor.state.fl.us/Tax Roll Data Files/2020 Final NAL - SDF Files/Okeechobee 57 Final SDF 2020.zip
TaxRoll,2020,Orange,ftp://sdrftp03.dor.state.fl.us/Tax Roll Data Files/2020 Final NAL - SDF Files/Orange 58 Final NAL 2020.zip
TaxRoll,2020,Orange,ftp://sdrftp03.dor.state.fl.us/Tax Roll Data Files/2020 Final NAL - SDF Files/Orange 58 Final SDF 2020.zip
TaxRoll,2020,Osceola,ftp://sdrftp03.dor.state.fl.us/Tax Roll Data Files/2020 Final NAL - SDF Files/Osceola 59 Final NAL 2020.zip
TaxRoll,2020,Osceola,ftp://sdrftp03.dor.state.fl.us/Tax Roll Data Files/2020 Final NAL - SDF Files/Osceola 59 Final SDF 2020.zip
TaxRoll,2020,Palm Beach,ftp://sdrftp03.dor.state.fl.us/Tax Roll Data Files/2020 Final NAL - SDF Files/Palm Beach 60 Final NAL 2020.zip
TaxRoll,2020,Palm Beach,ftp://sdrftp03.dor.state.fl.us/Tax Roll Data Files/2020 Final NAL - SDF Files/Palm Beach 60 Final SDF 2020.zip
TaxRoll,2020,Pasco,ftp://sdrftp03.dor.state.fl.us/Tax Roll Data Files/2020 Final NAL - SDF Files/Pasco 61 Final NAL 2020.zip
TaxRoll,2020,Pasco,ftp://sdrftp03.dor.state.fl.us/Tax Roll Data Files/2020 Final NAL - SDF Files/Pasco 61 Final SDF 2020.zip
TaxRoll,2020,Pinellas,ftp://sdrftp03.dor.state.fl.us/Tax Roll Data Files/2020 Final NAL - SDF Files/Pinellas 62 Final NAL 2020.zip
TaxRoll,2020,Pinellas,ftp://sdrftp03.dor.state.fl.us/Tax Roll Data Files/2020 Final NAL - SDF Files/Pinellas 62 Final SDF 2020.zip
TaxRoll,2020,Polk,ftp://sdrftp03.dor.state.fl.us/Tax Roll Data Files/2020 Final NAL - SDF Files/Polk 63 Final NAL 2020.zip
TaxRoll,2020,Polk,ftp://sdrftp03.dor.state.fl.us/Tax Roll Data Files/2020 Final NAL - SDF Files/Polk 63 Final SDF 2020.zip
TaxRoll,2020,Putnam,ftp://sdrftp03.dor.state.fl.us/Tax Roll Data Files/2020 Final NAL - SDF Files/Putnam 64 Final NAL 2020.zip
TaxRoll,2020,Putnam,ftp://sdrftp03.dor.state.fl.us/Tax Roll Data Files/2020 Final NAL - SDF Files/Putnam 64 Final SDF 2020.zip
TaxRoll,2020,St. Johns,ftp://sdrftp03.dor.state.fl.us/Tax Roll Data Files/2020 Final NAL - SDF Files/Saint Johns 65 Final NAL 2020.zip
TaxRoll,2020,St. Johns,ftp://sdrftp03.dor.state.fl.us/Tax Roll Data Files/2020 Final NAL - SDF Files/Saint Johns 65 Final SDF  2020.zip
TaxRoll,2020,St. Lucie,ftp://sdrftp03.dor.state.fl.us/Tax Roll Data Files/2020 Final NAL - SDF Files/Saint Lucie 66 Final NAL 2020.zip
TaxRoll,2020,St. Lucie,ftp://sdrftp03.dor.state.fl.us/Tax Roll Data Files/2020 Final NAL - SDF Files/Saint Lucie 66 Final SDF 2020.zip
TaxRoll,2020,Santa Rosa,ftp://sdrftp03.dor.state.fl.us/Tax Roll Data Files/2020 Final NAL - SDF Files/Santa Rosa 67 Final NAL 2020.zip
TaxRoll,2020,Santa Rosa,ftp://sdrftp03.dor.state.fl.us/Tax Roll Data Files/2020 Final NAL - SDF Files/Santa Rosa 67 Final SDF 2020.zip
TaxRoll,2020,Sarasota,ftp://sdrftp03.dor.state.fl.us/Tax Roll Data Files/2020 Final NAL - SDF Files/Sarasota 68 Final NAL 2020.zip
TaxRoll,2020,Sarasota,ftp://sdrftp03.dor.state.fl.us/Tax Roll Data Files/2020 Final NAL - SDF Files/Sarasota 68 Final SDF 2020.zip
TaxRoll,2020,Seminole,ftp://sdrftp03.dor.state.fl.us/Tax Roll Data Files/2020 Final NAL - SDF Files/Seminole 69 Final NAL 2020.zip
TaxRoll,2020,Seminole,ftp://sdrftp03.dor.state.fl.us/Tax Roll Data Files/2020 Final NAL - SDF Files/Seminole 69 Final SDF 2020.zip
TaxRoll,2020,Sumter,ftp://sdrftp03.dor.state.fl.us/Tax Roll Data Files/2020 Final NAL - SDF Files/Sumter 70 Final NAL 2020.zip
TaxRoll,2020,Sumter,ftp://sdrftp03.dor.state.fl.us/Tax Roll Data Files/2020 Final NAL - SDF Files/Sumter 70 Final SDF 2020.zip
TaxRoll,2020,Suwannee,ftp://sdrftp03.dor.state.fl.us/Tax Roll Data Files/2020 Final NAL - SDF Files/Suwannee 71 Final NAL 2020.zip
TaxRoll,2020,Suwannee,ftp://sdrftp03.dor.state.fl.us/Tax Roll Data Files/2020 Final NAL - SDF Files/Suwannee 71 Final SDF 2020.zip
TaxRoll,2020,Taylor,ftp://sdrftp03.dor.state.fl.us/Tax Roll Data Files/2020 Final NAL - SDF Files/Taylor 72 Final NAL 2020.zip
TaxRoll,2020,Taylor,ftp://sdrftp03.dor.state.fl.us/Tax Roll Data Files/2020 Final NAL - SDF Files/Taylor 72 Final SDF 2020.zip
TaxRoll,2020,Union,ftp://sdrftp03.dor.state.fl.us/Tax Roll Data Files/2020 Final NAL - SDF Files/Union 73 Final NAL 2020.zip
TaxRoll,2020,Union,ftp://sdrftp03.dor.state.fl.us/Tax Roll Data Files/2020 Final NAL - SDF Files/Union 73 Final SDF 2020.zip
TaxRoll,2020,Volusia,ftp://sdrftp03.dor.state.fl.us/Tax Roll Data Files/2020 Final NAL - SDF Files/Volusia 74 Final NAL 2020.zip
TaxRoll,2020,Volusia,ftp://sdrftp03.dor.state.fl.us/Tax Roll Data Files/2020 Final NAL - SDF Files/Volusia 74 Final SDF 2020.zip
TaxRoll,2020,Wakulla,ftp://sdrftp03.dor.state.fl.us/Tax Roll Data Files/2020 Final NAL - SDF Files/Wakulla 75 Final NAL 2020.zip
TaxRoll,2020,Wakulla,ftp://sdrftp03.dor.state.fl.us/Tax Roll Data Files/2020 Final NAL - SDF Files/Wakulla 75 Final SDF 2020.zip
TaxRoll,2020,Walton,ftp://sdrftp03.dor.state.fl.us/Tax Roll Data Files/2020 Final NAL - SDF Files/Walton 76 Final NAL 2020.zip
TaxRoll,2020,Walton,ftp://sdrftp03.dor.state.fl.us/Tax Roll Data Files/2020 Final NAL - SDF Files/Walton 76 Final SDF 2020.zip
TaxRoll,2020,Washington,ftp://sdrftp03.dor.state.fl.us/Tax Roll Data Files/2020 Final NAL - SDF Files/Washington 77 Final NAL 2020.zip
TaxRoll,2020,Washington,ftp://sdrftp03.dor.state.fl.us/Tax Roll Data Files/2020 Final NAL - SDF Files/Washington 77 Final SDF 2020.zip
TaxRoll,2020,Alachua,ftp://sdrftp03.dor.state.fl.us/Tax Roll Data Files/2020 Final Tangible Personal Property Files/Alachua 11 Final TPP 2020.zip
TaxRoll,2020,Baker,ftp://sdrftp03.dor.state.fl.us/Tax Roll Data Files/2020 Final Tangible Personal Property Files/Baker 12 Final TPP 2020.zip
TaxRoll,2020,Bay,ftp://sdrftp03.dor.state.fl.us/Tax Roll Data Files/2020 Final Tangible Personal Property Files/Bay 13 Final TPP 2020.zip
TaxRoll,2020,Bradford,ftp://sdrftp03.dor.state.fl.us/Tax Roll Data Files/2020 Final Tangible Personal Property Files/Bradford 14 Final TPP 2020.zip
TaxRoll,2020,Brevard,ftp://sdrftp03.dor.state.fl.us/Tax Roll Data Files/2020 Final Tangible Personal Property Files/Brevard 15 Final TPP 2020.zip
TaxRoll,2020,Broward,ftp://sdrftp03.dor.state.fl.us/Tax Roll Data Files/2020 Final Tangible Personal Property Files/Broward 16 Final TPP 2020.zip
TaxRoll,2020,Calhoun,ftp://sdrftp03.dor.state.fl.us/Tax Roll Data Files/2020 Final Tangible Personal Property Files/Calhoun 17 Final TPP 2020.zip
TaxRoll,2020,Charlotte,ftp://sdrftp03.dor.state.fl.us/Tax Roll Data Files/2020 Final Tangible Personal Property Files/Charlotte 18 Final TPP 2020.zip
TaxRoll,2020,Citrus,ftp://sdrftp03.dor.state.fl.us/Tax Roll Data Files/2020 Final Tangible Personal Property Files/Citrus 19 Final TPP 2020.zip
TaxRoll,2020,Clay,ftp://sdrftp03.dor.state.fl.us/Tax Roll Data Files/2020 Final Tangible Personal Property Files/Clay 20 Final TPP 2020.zip
TaxRoll,2020,Collier,ftp://sdrftp03.dor.state.fl.us/Tax Roll Data Files/2020 Final Tangible Personal Property Files/Collier 21 Final TPP 2020.zip
TaxRoll,2020,Columbia,ftp://sdrftp03.dor.state.fl.us/Tax Roll Data Files/2020 Final Tangible Personal Property Files/Columbia 22 Final TPP 2020.zip
TaxRoll,2020,Miami-Dade,ftp://sdrftp03.dor.state.fl.us/Tax Roll Data Files/2020 Final Tangible Personal Property Files/Dade 23 Final TPP 2020.zip
TaxRoll,2020,Desoto,ftp://sdrftp03.dor.state.fl.us/Tax Roll Data Files/2020 Final Tangible Personal Property Files/Desoto 24 Final TPP 2020.zip
TaxRoll,2020,Dixie,ftp://sdrftp03.dor.state.fl.us/Tax Roll Data Files/2020 Final Tangible Personal Property Files/Dixie 25 Final TPP 2020.zip
TaxRoll,2020,Duval,ftp://sdrftp03.dor.state.fl.us/Tax Roll Data Files/2020 Final Tangible Personal Property Files/Duval 26 Final TPP 2020.zip
TaxRoll,2020,Escambia,ftp://sdrftp03.dor.state.fl.us/Tax Roll Data Files/2020 Final Tangible Personal Property Files/Escambia 27 Final TPP 2020.zip
TaxRoll,2020,Flagler,ftp://sdrftp03.dor.state.fl.us/Tax Roll Data Files/2020 Final Tangible Personal Property Files/Flagler 28 Final TPP 2020.zip
TaxRoll,2020,Franklin,ftp://sdrftp03.dor.state.fl.us/Tax Roll Data Files/2020 Final Tangible Personal Property Files/Franklin 29 Final TPP 2020.zip
TaxRoll,2020,Gadsden,ftp://sdrftp03.dor.state.fl.us/Tax Roll Data Files/2020 Final Tangible Personal Property Files/Gadsden 30 Final TPP 2020.zip
TaxRoll,2020,Gilchrist,ftp://sdrftp03.dor.state.fl.us/Tax Roll Data Files/2020 Final Tangible Personal Property Files/Gilchrist 31 Final TPP 2020.zip
TaxRoll,2020,Glades,ftp://sdrftp03.dor.state.fl.us/Tax Roll Data Files/2020 Final Tangible Personal Property Files/Glades 32 Final TPP 2020.zip
TaxRoll,2020,Gulf,ftp://sdrftp03.dor.state.fl.us/Tax Roll Data Files/2020 Final Tangible Personal Property Files/Gulf 33 Final TPP 2020.zip
TaxRoll,2020,Hamilton,ftp://sdrftp03.dor.state.fl.us/Tax Roll Data Files/2020 Final Tangible Personal Property Files/Hanilton 34 Final TPP 2020.zip
TaxRoll,2020,Hardee,ftp://sdrftp03.dor.state.fl.us/Tax Roll Data Files/2020 Final Tangible Personal Property Files/Hardee 35 Final TPP 2020.zip
TaxRoll,2020,Hendry,ftp://sdrftp03.dor.state.fl.us/Tax Roll Data Files/2020 Final Tangible Personal Property Files/Hendry 36 Final TPP 2020.zip
TaxRoll,2020,Hernando,ftp://sdrftp03.dor.state.fl.us/Tax Roll Data Files/2020 Final Tangible Personal Property Files/Hernando 37 Final TPP 2020.zip
TaxRoll,2020,Highlands,ftp://sdrftp03.dor.state.fl.us/Tax Roll Data Files/2020 Final Tangible Personal Property Files/Highlands 38 Final TPP 2020.zip
TaxRoll,2020,Hillsborough,ftp://sdrftp03.dor.state.fl.us/Tax Roll Data Files/2020 Final Tangible Personal Property Files/Hillsborough 39 Final TPP 2020.zip
TaxRoll,2020,Holmes,ftp://sdrftp03.dor.state.fl.us/Tax Roll Data Files/2020 Final Tangible Personal Property Files/Holmes 40 Final TPP 2020.zip
TaxRoll,2020,Indian River,ftp://sdrftp03.dor.state.fl.us/Tax Roll Data Files/2020 Final Tangible Personal Property Files/Indian River 41 Final TPP 2020.zip
TaxRoll,2020,Jackson,ftp://sdrftp03.dor.state.fl.us/Tax Roll Data Files/2020 Final Tangible Personal Property Files/Jackson 42 Final TPP 2020.zip
TaxRoll,2020,Jefferson,ftp://sdrftp03.dor.state.fl.us/Tax Roll Data Files/2020 Final Tangible Personal Property Files/Jefferson 43 Final TPP 2020.zip
TaxRoll,2020,Lafayette,ftp://sdrftp03.dor.state.fl.us/Tax Roll Data Files/2020 Final Tangible Personal Property Files/Lafayette 44 Final TPP 2020.zip
TaxRoll,2020,Lake,ftp://sdrftp03.dor.state.fl.us/Tax Roll Data Files/2020 Final Tangible Personal Property Files/Lake 45 Final TPP 2020.zip
TaxRoll,2020,Lee,ftp://sdrftp03.dor.state.fl.us/Tax Roll Data Files/2020 Final Tangible Personal Property Files/Lee 46 Final TPP 2020.zip
TaxRoll,2020,Leon,ftp://sdrftp03.dor.state.fl.us/Tax Roll Data Files/2020 Final Tangible Personal Property Files/Leon 47 Final TPP 2020.zip
TaxRoll,2020,Levy,ftp://sdrftp03.dor.state.fl.us/Tax Roll Data Files/2020 Final Tangible Personal Property Files/Levy 48 Final TPP 2020.zip
TaxRoll,2020,Liberty,ftp://sdrftp03.dor.state.fl.us/Tax Roll Data Files/2020 Final Tangible Personal Property Files/Liberty 49 Final TPP 2020.zip
TaxRoll,2020,Madison,ftp://sdrftp03.dor.state.fl.us/Tax Roll Data Files/2020 Final Tangible Personal Property Files/Madison 50 Final TPP 2020.zip
TaxRoll,2020,Manatee,ftp://sdrftp03.dor.state.fl.us/Tax Roll Data Files/2020 Final Tangible Personal Property Files/Manatee 51 Final TPP 2020.zip
TaxRoll,2020,Marion,ftp://sdrftp03.dor.state.fl.us/Tax Roll Data Files/2020 Final Tangible Personal Property Files/Marion 52 Final TPP 2020.zip
TaxRoll,2020,Martin,ftp://sdrftp03.dor.state.fl.us/Tax Roll Data Files/2020 Final Tangible Personal Property Files/Martin 53 Final TPP 2020.zip
TaxRoll,2020,Monroe,ftp://sdrftp03.dor.state.fl.us/Tax Roll Data Files/2020 Final Tangible Personal Property Files/Monroe 54 Final TPP 2020.zip
TaxRoll,2020,Nassau,ftp://sdrftp03.dor.state.fl.us/Tax Roll Data Files/2020 Final Tangible Personal Property Files/Nassau 55 Final TPP 2020.zip
TaxRoll,2020,Okaloosa,ftp://sdrftp03.dor.state.fl.us/Tax Roll Data Files/2020 Final Tangible Personal Property Files/Okaloosa 56 Final TPP 2020.zip
TaxRoll,2020,Okeechobee,ftp://sdrftp03.dor.state.fl.us/Tax Roll Data Files/2020 Final Tangible Personal Property Files/Okeechobee 57 Final TPP 2020.zip
TaxRoll,2020,Orange,ftp://sdrftp03.dor.state.fl.us/Tax Roll Data Files/2020 Final Tangible Personal Property Files/Orange 58 Final TPP 2020.zip
TaxRoll,2020,Osceola,ftp://sdrftp03.dor.state.fl.us/Tax Roll Data Files/2020 Final Tangible Personal Property Files/Osceola 59 Final TPP 2020.zip
TaxRoll,2020,Palm Beach,ftp://sdrftp03.dor.state.fl.us/Tax Roll Data Files/2020 Final Tangible Personal Property Files/Palm Beach 60 Final TPP 2020.zip
TaxRoll,2020,Pasco,ftp://sdrftp03.dor.state.fl.us/Tax Roll Data Files/2020 Final Tangible Personal Property Files/Pasco 61 Final TPP 2020.zip
TaxRoll,2020,Pinellas,ftp://sdrftp03.dor.state.fl.us/Tax Roll Data Files/2020 Final Tangible Personal Property Files/Pinellas 62 Final TPP 2020.zip
TaxRoll,2020,Polk,ftp://sdrftp03.dor.state.fl.us/Tax Roll Data Files/2020 Final Tangible Personal Property Files/Polk 63 Final TPP 2020.zip
TaxRoll,2020,Putnam,ftp://sdrftp03.dor.state.fl.us/Tax Roll Data Files/2020 Final Tangible Personal Property Files/Putnam 64 Final TPP 2020.zip
TaxRoll,2020,St. Johns,ftp://sdrftp03.dor.state.fl.us/Tax Roll Data Files/2020 Final Tangible Personal Property Files/Saint Johns 65 Final TPP 2020.zip
TaxRoll,2020,St. Lucie,ftp://sdrftp03.dor.state.fl.us/Tax Roll Data Files/2020 Final Tangible Personal Property Files/Saint Lucie 66 Final TPP 2020.zip
TaxRoll,2020,Santa Rosa,ftp://sdrftp03.dor.state.fl.us/Tax Roll Data Files/2020 Final Tangible Personal Property Files/Santa Rosa 67 Final TPP 2020.zip
TaxRoll,2020,Sarasota,ftp://sdrftp03.dor.state.fl.us/Tax Roll Data Files/2020 Final Tangible Personal Property Files/Sarasota 68 Final TPP 2020.zip
TaxRoll,2020,Seminole,ftp://sdrftp03.dor.state.fl.us/Tax Roll Data Files/2020 Final Tangible Personal Property Files/Seminole 69 Final TPP 2020.zip
TaxRoll,2020,Sumter,ftp://sdrftp03.dor.state.fl.us/Tax Roll Data Files/2020 Final Tangible Personal Property Files/Sumter 70 Final TPP 2020.zip
TaxRoll,2020,Suwannee,ftp://sdrftp03.dor.state.fl.us/Tax Roll Data Files/2020 Final Tangible Personal Property Files/Suwannee 71 Final TPP 2020.zip
TaxRoll,2020,Taylor,ftp://sdrftp03.dor.state.fl.us/Tax Roll Data Files/2020 Final Tangible Personal Property Files/Taylor 72 Final TPP 2020.zip
TaxRoll,2020,Union,ftp://sdrftp03.dor.state.fl.us/Tax Roll Data Files/2020 Final Tangible Personal Property Files/Union 73 Final TPP 2020.zip
TaxRoll,2020,Volusia,ftp://sdrftp03.dor.state.fl.us/Tax Roll Data Files/2020 Final Tangible Personal Property Files/Volusia 74 Final TPP 2020.zip
TaxRoll,2020,Wakulla,ftp://sdrftp03.dor.state.fl.us/Tax Roll Data Files/2020 Final Tangible Personal Property Files/Wakulla 75 Final TPP 2020.zip
TaxRoll,2020,Walton,ftp://sdrftp03.dor.state.fl.us/Tax Roll Data Files/2020 Final Tangible Personal Property Files/Walton 76 Final TPP 2020.zip
TaxRoll,2020,Washington,ftp://sdrftp03.dor.state.fl.us/Tax Roll Data Files/2020 Final Tangible Personal Property Files/Washington 77 Final TPP 2020.zip
TaxRoll,2020,,ftp://sdrftp03.dor.state.fl.us/Tax Roll Data Files/NAL_SDF_NAP_Users_Guide/2020_NAL_SDF_NAP_Users_Guide.docx
TaxRoll,2020,,ftp://sdrftp03.dor.state.fl.us/Tax Roll Data Files/NAL_SDF_NAP_Users_Guide/2020_Users_Guide_Quick_Reference.xls
